ChargerId,OperatorAbb,OperatorName,City,Lat,Lon
ACB-00048,FCT,"CHARGING TOGETHER, UNIPESSOAL LDA",Alcobaça,39.63904,-9.041936
ACB-00052,FCT,"CHARGING TOGETHER, UNIPESSOAL LDA",Alcobaça,39.545452,-8.969396
CDV-00002,FCT,"CHARGING TOGETHER, UNIPESSOAL LDA",Cadaval,39.28155,-9.058986
GDL-00041,FCT,"CHARGING TOGETHER, UNIPESSOAL LDA",Grândola,38.216434,-8.558089
ORQ-00009,FCT,"CHARGING TOGETHER, UNIPESSOAL LDA",Ourique,37.60107,-8.250555
PBL-00023,FCT,"CHARGING TOGETHER, UNIPESSOAL LDA",Pombal,39.887924,-8.75846
PFR-00020,FCT,"CHARGING TOGETHER, UNIPESSOAL LDA",Paços de Ferreira,41.28281,-8.387195
PTL-00022,FCT,"CHARGING TOGETHER, UNIPESSOAL LDA",Ponte de Lima,41.782803,-8.58666
VVR-00007,FCT,"CHARGING TOGETHER, UNIPESSOAL LDA",Vila Velha de Ródão,39.656776,-7.6608977
