ChargerId,Location
ABF-00059,"""https://www.google.com/maps?q=37.089485,-8.212982"""
ABF-00076,"""https://www.google.com/maps?q=37.124474,-8.30046"""
ABF-00077,"""https://www.google.com/maps?q=37.093155,-8.18788"""
ABF-00078,"""https://www.google.com/maps?q=37.088776,-8.256552"""
ABF-00079,"""https://www.google.com/maps?q=37.126133,-8.237478"""
ABF-00080,"""https://www.google.com/maps?q=37.175407,-8.205581"""
ABF-00081,"""https://www.google.com/maps?q=37.083683,-8.313905"""
ABF-00082,"""https://www.google.com/maps?q=37.090828,-8.2459"""
ABF-00083,"""https://www.google.com/maps?q=37.08724,-8.24759"""
ABF-00084,"""https://www.google.com/maps?q=37.117687,-8.245134"""
ABF-00085,"""https://www.google.com/maps?q=37.095665,-8.249486"""
ABT-00028,"""https://www.google.com/maps?q=39.468773,-8.203542"""
ACB-00042,"""https://www.google.com/maps?q=39.41076,-8.962821"""
ACB-00043,"""https://www.google.com/maps?q=39.410763,-8.962787"""
ACB-00044,"""https://www.google.com/maps?q=39.41077,-8.962755"""
AGB-00004,"""https://www.google.com/maps?q=40.820347,-7.53942"""
AGD-00008,"""https://www.google.com/maps?q=40.572285,-8.44309"""
AGD-00012,"""https://www.google.com/maps?q=40.57765,-8.450683"""
AGD-00019,"""https://www.google.com/maps?q=40.57765,-8.450683"""
AGH-00011,"""https://www.google.com/maps?q=38.660755,-27.233997"""
AGN-00004,"""https://www.google.com/maps?q=40.223804,-8.057222"""
ALM-00055,"""https://www.google.com/maps?q=38.63152,-9.177273"""
ALM-00074,"""https://www.google.com/maps?q=38.67102,-9.171019"""
ALM-00075,"""https://www.google.com/maps?q=38.64836,-9.153869"""
ALM-00076,"""https://www.google.com/maps?q=38.646584,-9.180244"""
ALM-90006,"""https://www.google.com/maps?q=38.67546,-9.166247"""
ALM-90014,"""https://www.google.com/maps?q=38.61693,-9.21659"""
ALQ-00016,"""https://www.google.com/maps?q=39.040245,-8.988891"""
ALR-00004,"""https://www.google.com/maps?q=39.1936,-8.620554"""
ALR-00006,"""https://www.google.com/maps?q=39.200855,-8.62081"""
AMD-00048,"""https://www.google.com/maps?q=38.71938,-9.234855"""
AMD-00056,"""https://www.google.com/maps?q=38.728542,-9.215819"""
AMD-00089,"""https://www.google.com/maps?q=38.75924,-9.243889"""
AMT-00019,"""https://www.google.com/maps?q=41.274048,-8.091577"""
AMT-00027,"""https://www.google.com/maps?q=41.262604,-8.062726"""
AND-00010,"""https://www.google.com/maps?q=40.441986,-8.449781"""
AND-00012,"""https://www.google.com/maps?q=40.40389,-8.453486"""
AND-00013,"""https://www.google.com/maps?q=40.403893,-8.45346"""
AND-00029,"""https://www.google.com/maps?q=40.441986,-8.449781"""
AVR-00047,"""https://www.google.com/maps?q=40.55431,-8.551787"""
AVR-00072,"""https://www.google.com/maps?q=40.642212,-8.6577"""
AVR-00073,"""https://www.google.com/maps?q=40.642212,-8.6577"""
AVR-00074,"""https://www.google.com/maps?q=40.642212,-8.6577"""
AVR-00075,"""https://www.google.com/maps?q=40.642212,-8.6577"""
AVR-00076,"""https://www.google.com/maps?q=40.642212,-8.6577"""
AVR-00077,"""https://www.google.com/maps?q=40.642212,-8.6577"""
AVR-00078,"""https://www.google.com/maps?q=40.642212,-8.6577"""
AVR-00079,"""https://www.google.com/maps?q=40.642212,-8.6577"""
AVR-00080,"""https://www.google.com/maps?q=40.642212,-8.6577"""
AVR-00081,"""https://www.google.com/maps?q=40.642212,-8.6577"""
AVR-80001,"""https://www.google.com/maps?q=40.633755,-8.656367"""
AZB-00006,"""https://www.google.com/maps?q=39.122353,-8.907745"""
AZB-00007,"""https://www.google.com/maps?q=39.123985,-8.907096"""
AZB-00010,"""https://www.google.com/maps?q=39.122353,-8.907745"""
AZB-00013,"""https://www.google.com/maps?q=39.123985,-8.907096"""
AZB-00014,"""https://www.google.com/maps?q=39.122353,-8.907745"""
BCL-00006,"""https://www.google.com/maps?q=41.57926,-8.622332"""
BCL-00007,"""https://www.google.com/maps?q=41.579113,-8.622332"""
BCL-00026,"""https://www.google.com/maps?q=41.53258,-8.628945"""
BGC-00016,"""https://www.google.com/maps?q=41.788105,-6.780908"""
BGC-00019,"""https://www.google.com/maps?q=41.810635,-6.7638636"""
BJA-00029,"""https://www.google.com/maps?q=38.00544,-7.8736243"""
BNV-00010,"""https://www.google.com/maps?q=38.920513,-8.880332"""
BRG-00025,"""https://www.google.com/maps?q=41.54703,-8.399948"""
BRG-00026,"""https://www.google.com/maps?q=41.54743,-8.399948"""
BRG-00028,"""https://www.google.com/maps?q=41.56804,-8.38156"""
BRG-00032,"""https://www.google.com/maps?q=41.556778,-8.406444"""
BRG-00033,"""https://www.google.com/maps?q=41.556988,-8.406372"""
BRG-00043,"""https://www.google.com/maps?q=41.543133,-8.440223"""
BRG-00044,"""https://www.google.com/maps?q=41.54303,-8.439685"""
BRG-00047,"""https://www.google.com/maps?q=41.534706,-8.43977"""
BRG-00112,"""https://www.google.com/maps?q=41.560463,-8.416756"""
BRR-00003,"""https://www.google.com/maps?q=38.63361,-9.051861"""
BTL-00007,"""https://www.google.com/maps?q=39.64595,-8.842106"""
BTL-00012,"""https://www.google.com/maps?q=39.64595,-8.842106"""
CBR-00014,"""https://www.google.com/maps?q=40.214516,-8.43401"""
CBR-00015,"""https://www.google.com/maps?q=40.21467,-8.43401"""
CBR-00054,"""https://www.google.com/maps?q=40.25207,-8.436791"""
CBR-80004,"""https://www.google.com/maps?q=40.21529,-8.413305"""
CCH-00005,"""https://www.google.com/maps?q=38.96103,-8.520147"""
CDN-00007,"""https://www.google.com/maps?q=40.110027,-8.507597"""
CHV-00020,"""https://www.google.com/maps?q=41.759598,-7.4725857"""
CLD-00010,"""https://www.google.com/maps?q=39.400894,-9.136826"""
CLD-00027,"""https://www.google.com/maps?q=39.39887,-9.137544"""
CNT-00005,"""https://www.google.com/maps?q=40.350834,-8.58668"""
CNT-00006,"""https://www.google.com/maps?q=40.35063,-8.58668"""
CSC-00071,"""https://www.google.com/maps?q=38.710667,-9.455831"""
CSC-00168,"""https://www.google.com/maps?q=38.714382,-9.405743"""
CSC-00175,"""https://www.google.com/maps?q=38.735214,-9.397775"""
CSC-00194,"""https://www.google.com/maps?q=38.724846,-9.42521"""
CSC-00195,"""https://www.google.com/maps?q=38.724846,-9.42521"""
CSC-00196,"""https://www.google.com/maps?q=38.724846,-9.42521"""
CSC-00197,"""https://www.google.com/maps?q=38.72907,-9.41682"""
CSC-00198,"""https://www.google.com/maps?q=38.724846,-9.42521"""
CSC-00575,"""https://www.google.com/maps?q=38.708897,-9.337255"""
CTB-00047,"""https://www.google.com/maps?q=39.6425,-7.656111"""
CTB-90007,"""https://www.google.com/maps?q=39.915154,-7.4587793"""
CTX-00005,"""https://www.google.com/maps?q=39.165363,-8.782801"""
CVL-00002,"""https://www.google.com/maps?q=40.26389,-7.491038"""
CVL-00005,"""https://www.google.com/maps?q=40.265152,-7.4903812"""
CVR-00006,"""https://www.google.com/maps?q=37.69439,-8.088611"""
CVR-00007,"""https://www.google.com/maps?q=37.69439,-8.088611"""
ELV-00010,"""https://www.google.com/maps?q=38.875366,-7.161697"""
ELV-00011,"""https://www.google.com/maps?q=38.880272,-7.145023"""
ELV-00012,"""https://www.google.com/maps?q=38.88026,-7.145043"""
ELV-00013,"""https://www.google.com/maps?q=38.88025,-7.145059"""
ELV-00014,"""https://www.google.com/maps?q=38.880238,-7.145087"""
ELV-00015,"""https://www.google.com/maps?q=38.880226,-7.145105"""
EPS-00002,"""https://www.google.com/maps?q=41.5301,-8.762908"""
ESP-00012,"""https://www.google.com/maps?q=41.000065,-8.641499"""
ETR-00016,"""https://www.google.com/maps?q=40.76462,-8.568518"""
ETR-00029,"""https://www.google.com/maps?q=40.75284,-8.570986"""
ETZ-00003,"""https://www.google.com/maps?q=38.800537,-7.660719"""
ETZ-00005,"""https://www.google.com/maps?q=38.846867,-7.581866"""
ETZ-00012,"""https://www.google.com/maps?q=38.846867,-7.581866"""
ETZ-00024,"""https://www.google.com/maps?q=38.84938,-7.5849767"""
ETZ-00027,"""https://www.google.com/maps?q=38.84834,-7.582984"""
EVR-00040,"""https://www.google.com/maps?q=38.55892,-7.9140224"""
EVR-00062,"""https://www.google.com/maps?q=38.55892,-7.9140224"""
EVR-90009,"""https://www.google.com/maps?q=38.5725,-7.90972"""
FAF-00010,"""https://www.google.com/maps?q=41.445663,-8.165417"""
FAR-00037,"""https://www.google.com/maps?q=37.028942,-7.942056"""
FAR-00040,"""https://www.google.com/maps?q=37.02681,-7.94673"""
FAR-00041,"""https://www.google.com/maps?q=37.02542,-7.92476"""
FAR-00042,"""https://www.google.com/maps?q=37.027267,-7.9329486"""
FAR-90002,"""https://www.google.com/maps?q=37.016308,-7.935801"""
FIG-00012,"""https://www.google.com/maps?q=40.166233,-8.851946"""
FIG-00013,"""https://www.google.com/maps?q=40.166233,-8.851946"""
FIG-00023,"""https://www.google.com/maps?q=40.120567,-8.851352"""
FIG-00038,"""https://www.google.com/maps?q=40.116566,-8.848765"""
FIG-90003,"""https://www.google.com/maps?q=40.148388,-8.867472"""
FNC-00063,"""https://www.google.com/maps?q=32.65033,-16.90822"""
FZZ-00002,"""https://www.google.com/maps?q=39.6674,-8.233287"""
GDL-00006,"""https://www.google.com/maps?q=38.16702,-8.492748"""
GDL-00007,"""https://www.google.com/maps?q=38.16769,-8.490198"""
GDM-00005,"""https://www.google.com/maps?q=41.16866,-8.54204"""
GDM-00006,"""https://www.google.com/maps?q=41.16866,-8.54204"""
GDM-00010,"""https://www.google.com/maps?q=41.119247,-8.511247"""
GDM-00012,"""https://www.google.com/maps?q=41.18122,-8.536147"""
GDM-00038,"""https://www.google.com/maps?q=41.10824,-8.532728"""
GDM-00043,"""https://www.google.com/maps?q=41.1827,-8.537744"""
GRD-00022,"""https://www.google.com/maps?q=40.413548,-7.675034"""
GRD-00029,"""https://www.google.com/maps?q=40.544228,-7.261285"""
GRD-00037,"""https://www.google.com/maps?q=40.56584,-7.224364"""
GVA-00005,"""https://www.google.com/maps?q=40.49432,-7.6025376"""
LLE-00156,"""https://www.google.com/maps?q=37.102055,-8.001583"""
LLE-00160,"""https://www.google.com/maps?q=37.234253,-8.175735"""
LMG-00014,"""https://www.google.com/maps?q=41.08114,-7.799092"""
LRA-00059,"""https://www.google.com/maps?q=39.762505,-8.786816"""
LRA-00144,"""https://www.google.com/maps?q=39.76278,-8.783333"""
LRS-00057,"""https://www.google.com/maps?q=38.859756,-9.161636"""
LRS-00059,"""https://www.google.com/maps?q=38.85825,-9.161167"""
LRS-00109,"""https://www.google.com/maps?q=38.83647,-9.167371"""
LRS-00132,"""https://www.google.com/maps?q=38.823,-9.0884"""
LRS-00134,"""https://www.google.com/maps?q=38.8154,-9.1587"""
LRS-90012,"""https://www.google.com/maps?q=38.807133,-9.157717"""
LRS-90022,"""https://www.google.com/maps?q=38.790783,-9.10635"""
LRS-90026,"""https://www.google.com/maps?q=38.778618,-9.102367"""
LSB-00279,"""https://www.google.com/maps?q=38.7675,-9.17084"""
LSB-00282,"""https://www.google.com/maps?q=38.763058,-9.108889"""
LSB-00572,"""https://www.google.com/maps?q=38.78852,-9.127669"""
LSB-00573,"""https://www.google.com/maps?q=38.78852,-9.127669"""
LSB-00664,"""https://www.google.com/maps?q=38.70199,-9.193662"""
LSB-00670,"""https://www.google.com/maps?q=38.768482,-9.172888"""
LSB-00809,"""https://www.google.com/maps?q=38.72197,-9.151513"""
LSB-00975,"""https://www.google.com/maps?q=38.74327,-9.21075"""
LSB-00996,"""https://www.google.com/maps?q=38.76306,-9.10889"""
LSB-01158,"""https://www.google.com/maps?q=38.77375,-9.10522"""
LSB-01159,"""https://www.google.com/maps?q=38.77375,-9.10522"""
LSB-01537,"""https://www.google.com/maps?q=38.768417,-9.097083"""
LSB-01539,"""https://www.google.com/maps?q=38.750404,-9.159949"""
LSB-01540,"""https://www.google.com/maps?q=38.72352,-9.161686"""
LSB-01541,"""https://www.google.com/maps?q=38.723007,-9.161783"""
LSB-80027,"""https://www.google.com/maps?q=38.744457,-9.183136"""
LSB-80076,"""https://www.google.com/maps?q=38.715515,-9.163522"""
LSB-80134,"""https://www.google.com/maps?q=38.72916,-9.123114"""
LSB-80532,"""https://www.google.com/maps?q=38.72916,-9.123114"""
LSB-90045,"""https://www.google.com/maps?q=38.75761,-9.094753"""
LSB-90061,"""https://www.google.com/maps?q=38.71996,-9.166707"""
LSB-90096,"""https://www.google.com/maps?q=38.706722,-9.150906"""
LSB-90110,"""https://www.google.com/maps?q=38.70967,-9.14245"""
LSB-90132,"""https://www.google.com/maps?q=38.712288,-9.124522"""
LSB-90147,"""https://www.google.com/maps?q=38.749443,-9.104167"""
MAI-00047,"""https://www.google.com/maps?q=41.226353,-8.6132965"""
MAI-00048,"""https://www.google.com/maps?q=41.229237,-8.585379"""
MAI-00055,"""https://www.google.com/maps?q=41.274002,-8.600193"""
MAI-00065,"""https://www.google.com/maps?q=41.238037,-8.667299"""
MAI-00066,"""https://www.google.com/maps?q=41.23804,-8.667299"""
MAI-00067,"""https://www.google.com/maps?q=41.23804,-8.667299"""
MAI-00068,"""https://www.google.com/maps?q=41.23804,-8.667299"""
MAI-00086,"""https://www.google.com/maps?q=41.268337,-8.617271"""
MAI-00087,"""https://www.google.com/maps?q=41.268337,-8.627271"""
MCD-00004,"""https://www.google.com/maps?q=41.54416,-6.959786"""
MCN-00002,"""https://www.google.com/maps?q=41.17763,-8.15066"""
MDL-00010,"""https://www.google.com/maps?q=41.49634,-7.17893"""
MDL-00011,"""https://www.google.com/maps?q=41.494175,-7.184129"""
MFR-00005,"""https://www.google.com/maps?q=38.960083,-9.417678"""
MFR-00006,"""https://www.google.com/maps?q=38.960083,-9.417678"""
MGL-00010,"""https://www.google.com/maps?q=40.60897,-7.762319"""
MGR-00014,"""https://www.google.com/maps?q=39.743008,-8.903196"""
MIR-00007,"""https://www.google.com/maps?q=40.43538,-8.727703"""
MLD-00014,"""https://www.google.com/maps?q=40.37369,-8.449236"""
MLG-00002,"""https://www.google.com/maps?q=42.109352,-8.261638"""
MMN-00013,"""https://www.google.com/maps?q=38.647877,-8.222552"""
MNC-00007,"""https://www.google.com/maps?q=42.05672,-8.531079"""
MNC-00009,"""https://www.google.com/maps?q=42.0671,-8.495299"""
MOBI-LGA-00001,"""https://www.google.com/maps?q=37.101902,-8.380403"""
MOBI-LGA-00002,"""https://www.google.com/maps?q=37.101902,-8.380403"""
MOBI-LGA-00003,"""https://www.google.com/maps?q=37.101902,-8.380403"""
MOBI-MFR-00080,"""https://www.google.com/maps?q=38.99739,-9.255187"""
MOBI-OER-00710,"""https://www.google.com/maps?q=38.69733,-9.29976"""
MOBI-OER-00711,"""https://www.google.com/maps?q=38.69733,-9.29976"""
MOBI-PRT-00117,"""https://www.google.com/maps?q=41.160564,-8.61062"""
MOU-00002,"""https://www.google.com/maps?q=38.381817,-7.339493"""
MOU-00003,"""https://www.google.com/maps?q=38.381805,-7.339459"""
MRA-90001,"""https://www.google.com/maps?q=38.143166,-7.450222"""
MTJ-00014,"""https://www.google.com/maps?q=38.696243,-8.945832"""
MTJ-00015,"""https://www.google.com/maps?q=38.726677,-8.669938"""
MTJ-00016,"""https://www.google.com/maps?q=38.726677,-8.669938"""
MTJ-00065,"""https://www.google.com/maps?q=38.6836,-8.611916"""
MTJ-00066,"""https://www.google.com/maps?q=38.68358,-8.61191"""
MTL-00002,"""https://www.google.com/maps?q=37.6425,-7.656111"""
MTS-00138,"""https://www.google.com/maps?q=41.1857,-8.69433"""
MTS-00140,"""https://www.google.com/maps?q=41.198765,-8.610433"""
MTS-00149,"""https://www.google.com/maps?q=41.174686,-8.687362"""
MTS-00150,"""https://www.google.com/maps?q=41.174686,-8.687362"""
MTS-00151,"""https://www.google.com/maps?q=41.174686,-8.687362"""
MTS-00152,"""https://www.google.com/maps?q=41.174686,-8.687362"""
MTS-00154,"""https://www.google.com/maps?q=41.174686,-8.687362"""
MTS-00176,"""https://www.google.com/maps?q=41.228687,-8.697887"""
NLS-00003,"""https://www.google.com/maps?q=40.539932,-7.857868"""
NZR-00054,"""https://www.google.com/maps?q=39.619926,-8.990726"""
NZR-00055,"""https://www.google.com/maps?q=39.619926,-8.990726"""
NZR-00056,"""https://www.google.com/maps?q=39.619926,-8.990726"""
ODM-00014,"""https://www.google.com/maps?q=37.591656,-8.667274"""
ODV-00017,"""https://www.google.com/maps?q=38.794167,-9.168611"""
ODV-00022,"""https://www.google.com/maps?q=38.797764,-9.177374"""
ODV-00025,"""https://www.google.com/maps?q=38.795746,-9.196615"""
OER-00043,"""https://www.google.com/maps?q=38.741974,-9.306722"""
OER-00060,"""https://www.google.com/maps?q=38.704445,-9.304354"""
OER-00117,"""https://www.google.com/maps?q=38.71631,-9.2404"""
OER-00173,"""https://www.google.com/maps?q=38.704445,-9.304354"""
OER-00190,"""https://www.google.com/maps?q=38.71518,-9.24051"""
OER-00215,"""https://www.google.com/maps?q=38.71581,-9.300485"""
OER-00217,"""https://www.google.com/maps?q=38.706112,-9.238333"""
OER-00244,"""https://www.google.com/maps?q=38.724922,-9.2154"""
OHP-00014,"""https://www.google.com/maps?q=40.36125,-7.855306"""
ORM-00009,"""https://www.google.com/maps?q=39.631897,-8.680918"""
ORM-00020,"""https://www.google.com/maps?q=39.656666,-8.583611"""
OVR-00009,"""https://www.google.com/maps?q=40.864468,-8.610392"""
OVR-00010,"""https://www.google.com/maps?q=40.864468,-8.610392"""
OVR-00019,"""https://www.google.com/maps?q=40.884296,-8.615851"""
PBL-00004,"""https://www.google.com/maps?q=40.01419,-8.60033"""
PBL-00006,"""https://www.google.com/maps?q=40.01419,-8.60033"""
PBL-00021,"""https://www.google.com/maps?q=40.01419,-8.60033"""
PCV-00003,"""https://www.google.com/maps?q=40.27258,-8.287489"""
PLM-00034,"""https://www.google.com/maps?q=38.619324,-8.917789"""
PLM-00035,"""https://www.google.com/maps?q=38.577366,-8.898404"""
PNF-00007,"""https://www.google.com/maps?q=41.199287,-8.311008"""
PNF-00008,"""https://www.google.com/maps?q=41.199127,-8.3114605"""
PNF-00039,"""https://www.google.com/maps?q=41.167458,-8.3085985"""
PNI-00013,"""https://www.google.com/maps?q=39.365627,-9.380628"""
PRD-00041,"""https://www.google.com/maps?q=41.22714,-8.40324"""
PRT-00019,"""https://www.google.com/maps?q=41.16409,-8.639392"""
PRT-00053,"""https://www.google.com/maps?q=41.147457,-8.608928"""
PRT-00054,"""https://www.google.com/maps?q=41.147457,-8.608928"""
PRT-00055,"""https://www.google.com/maps?q=41.147457,-8.608928"""
PRT-00056,"""https://www.google.com/maps?q=41.147457,-8.608928"""
PRT-00057,"""https://www.google.com/maps?q=41.147457,-8.608928"""
PRT-00058,"""https://www.google.com/maps?q=41.147457,-8.608928"""
PRT-00059,"""https://www.google.com/maps?q=41.157314,-8.627193"""
PRT-00060,"""https://www.google.com/maps?q=41.157314,-8.627193"""
PRT-00061,"""https://www.google.com/maps?q=41.157314,-8.627193"""
PRT-00069,"""https://www.google.com/maps?q=41.16275,-8.629396"""
PRT-00070,"""https://www.google.com/maps?q=41.1626,-8.629396"""
PRT-00129,"""https://www.google.com/maps?q=41.150898,-8.626431"""
PRT-00130,"""https://www.google.com/maps?q=41.150898,-8.626431"""
PRT-00131,"""https://www.google.com/maps?q=41.150898,-8.626431"""
PRT-00200,"""https://www.google.com/maps?q=41.147457,-8.608928"""
PRT-00201,"""https://www.google.com/maps?q=41.147457,-8.608928"""
PRT-00202,"""https://www.google.com/maps?q=41.147457,-8.608928"""
PRT-00203,"""https://www.google.com/maps?q=41.147457,-8.608928"""
PRT-00204,"""https://www.google.com/maps?q=41.147457,-8.608928"""
PRT-00205,"""https://www.google.com/maps?q=41.147457,-8.608928"""
PRT-00206,"""https://www.google.com/maps?q=41.147457,-8.608928"""
PRT-00207,"""https://www.google.com/maps?q=41.147457,-8.608928"""
PRT-00208,"""https://www.google.com/maps?q=41.147457,-8.608928"""
PRT-00235,"""https://www.google.com/maps?q=41.1771,-8.655239"""
PRT-00247,"""https://www.google.com/maps?q=41.14713,-8.631777"""
PRT-00263,"""https://www.google.com/maps?q=41.16265,-8.6667185"""
PRT-00264,"""https://www.google.com/maps?q=41.16265,-8.6667185"""
PRT-00265,"""https://www.google.com/maps?q=41.16265,-8.6667185"""
PRT-00266,"""https://www.google.com/maps?q=41.16265,-8.6667185"""
PRT-00267,"""https://www.google.com/maps?q=41.16265,-8.6667185"""
PRT-00268,"""https://www.google.com/maps?q=41.16265,-8.6667185"""
PRT-00269,"""https://www.google.com/maps?q=41.16265,-8.6667185"""
PRT-00270,"""https://www.google.com/maps?q=41.16265,-8.6667185"""
PRT-00271,"""https://www.google.com/maps?q=41.16265,-8.6667185"""
PRT-00272,"""https://www.google.com/maps?q=41.16265,-8.6667185"""
PRT-00273,"""https://www.google.com/maps?q=41.16265,-8.6667185"""
PRT-00274,"""https://www.google.com/maps?q=41.16265,-8.6667185"""
PRT-00275,"""https://www.google.com/maps?q=41.16265,-8.6667185"""
PRT-00276,"""https://www.google.com/maps?q=41.16265,-8.6667185"""
PRT-00277,"""https://www.google.com/maps?q=41.16265,-8.6667185"""
PRT-00278,"""https://www.google.com/maps?q=41.16265,-8.6667185"""
PRT-00279,"""https://www.google.com/maps?q=41.16265,-8.6667185"""
PRT-00280,"""https://www.google.com/maps?q=41.16265,-8.6667185"""
PRT-00281,"""https://www.google.com/maps?q=41.16265,-8.6667185"""
PRT-00294,"""https://www.google.com/maps?q=41.152966,-8.622607"""
PRT-00297,"""https://www.google.com/maps?q=41.152966,-8.622607"""
PRT-00299,"""https://www.google.com/maps?q=41.157314,-8.627193"""
PRT-00300,"""https://www.google.com/maps?q=41.157314,-8.627193"""
PRT-00301,"""https://www.google.com/maps?q=41.157314,-8.627193"""
PRT-00302,"""https://www.google.com/maps?q=41.150898,-8.626431"""
PRT-00303,"""https://www.google.com/maps?q=41.150898,-8.626431"""
PRT-00304,"""https://www.google.com/maps?q=41.150898,-8.626431"""
PSR-00007,"""https://www.google.com/maps?q=39.267857,-8.013283"""
PTG-00022,"""https://www.google.com/maps?q=39.27959,-7.4313855"""
PTG-00027,"""https://www.google.com/maps?q=39.283092,-7.431314"""
PTG-00028,"""https://www.google.com/maps?q=39.283096,-7.431342"""
PTL-00008,"""https://www.google.com/maps?q=41.744747,-8.610238"""
PTL-00014,"""https://www.google.com/maps?q=41.772503,-8.577375"""
PTM-00063,"""https://www.google.com/maps?q=37.120316,-8.544349"""
PVZ-00018,"""https://www.google.com/maps?q=41.40453,-8.767323"""
PVZ-00019,"""https://www.google.com/maps?q=41.40453,-8.767323"""
PVZ-00045,"""https://www.google.com/maps?q=41.40651,-8.76733"""
RMR-00016,"""https://www.google.com/maps?q=39.420692,-8.825561"""
SAT-00003,"""https://www.google.com/maps?q=40.755886,-7.727822"""
SBA-90001,"""https://www.google.com/maps?q=37.154408,-7.889941"""
SBR-90001,"""https://www.google.com/maps?q=41.267113,-7.574972"""
SCD-00006,"""https://www.google.com/maps?q=40.403885,-8.130167"""
SJM-00003,"""https://www.google.com/maps?q=40.885967,-8.489748"""
SJM-00004,"""https://www.google.com/maps?q=40.885967,-8.489748"""
SLV-00010,"""https://www.google.com/maps?q=37.18234,-8.28172"""
SNS-00016,"""https://www.google.com/maps?q=37.958908,-8.854629"""
SNS-00019,"""https://www.google.com/maps?q=37.958954,-8.871728"""
SNT-00103,"""https://www.google.com/maps?q=38.857773,-9.379359"""
SNT-00164,"""https://www.google.com/maps?q=38.79276,-9.3293"""
SNT-90004,"""https://www.google.com/maps?q=38.790745,-9.379548"""
SRE-00006,"""https://www.google.com/maps?q=40.064117,-8.619289"""
SRP-00005,"""https://www.google.com/maps?q=37.94265,-7.608272"""
SSB-00016,"""https://www.google.com/maps?q=38.56622,-9.040185"""
STB-00061,"""https://www.google.com/maps?q=38.533237,-8.884313"""
STB-00072,"""https://www.google.com/maps?q=38.539513,-8.867519"""
STB-00073,"""https://www.google.com/maps?q=38.539173,-8.88678"""
STB-00074,"""https://www.google.com/maps?q=38.523106,-9.020118"""
STB-00084,"""https://www.google.com/maps?q=38.521538,-8.872692"""
STB-80009,"""https://www.google.com/maps?q=38.530987,-8.886267"""
STR-00036,"""https://www.google.com/maps?q=39.239132,-8.697475"""
STS-00002,"""https://www.google.com/maps?q=41.343307,-8.478301"""
STS-00007,"""https://www.google.com/maps?q=41.33927,-8.481781"""
STS-00008,"""https://www.google.com/maps?q=41.33927,-8.481781"""
SXL-00053,"""https://www.google.com/maps?q=38.633446,-9.150689"""
SXL-00054,"""https://www.google.com/maps?q=38.597687,-9.143662"""
SXL-00055,"""https://www.google.com/maps?q=38.640896,-9.102686"""
SXL-00056,"""https://www.google.com/maps?q=38.630608,-9.118686"""
SXL-00058,"""https://www.google.com/maps?q=38.649822,-9.142722"""
SXL-00064,"""https://www.google.com/maps?q=38.60995,-9.098627"""
TBC-00003,"""https://www.google.com/maps?q=41.162647,-7.570301"""
TCS-00002,"""https://www.google.com/maps?q=40.774715,-7.354502"""
TMR-00034,"""https://www.google.com/maps?q=39.611523,-8.395394"""
TMR-00035,"""https://www.google.com/maps?q=39.610153,-8.403638"""
TNV-00018,"""https://www.google.com/maps?q=39.465088,-8.524621"""
TRF-00018,"""https://www.google.com/maps?q=41.33139,-8.5633335"""
TRF-00023,"""https://www.google.com/maps?q=41.263676,-8.563374"""
TRF-00024,"""https://www.google.com/maps?q=41.263676,-8.563374"""
TRF-00025,"""https://www.google.com/maps?q=41.263676,-8.563374"""
TRF-00026,"""https://www.google.com/maps?q=41.263783,-8.56441"""
TRF-00027,"""https://www.google.com/maps?q=41.263783,-8.56441"""
TRF-00028,"""https://www.google.com/maps?q=41.263783,-8.56441"""
TVR-00019,"""https://www.google.com/maps?q=37.130795,-7.636866"""
TVR-00020,"""https://www.google.com/maps?q=37.130795,-7.636866"""
TVR-00023,"""https://www.google.com/maps?q=37.119328,-7.6561403"""
VBP-00012,"""https://www.google.com/maps?q=37.08033,-8.913081"""
VCD-00046,"""https://www.google.com/maps?q=41.368008,-8.749539"""
VCD-00050,"""https://www.google.com/maps?q=41.30929,-8.692851"""
VCD-00078,"""https://www.google.com/maps?q=41.299667,-8.705062"""
VCT-00046,"""https://www.google.com/maps?q=41.706306,-8.819658"""
VDG-00002,"""https://www.google.com/maps?q=38.20564,-7.80081"""
VFL-90001,"""https://www.google.com/maps?q=41.308834,-7.156758"""
VFR-00004,"""https://www.google.com/maps?q=40.93902,-8.540577"""
VFR-00005,"""https://www.google.com/maps?q=40.93902,-8.540577"""
VFX-00016,"""https://www.google.com/maps?q=38.977207,-8.985109"""
VFX-00097,"""https://www.google.com/maps?q=38.894722,-9.041111"""
VFX-00110,"""https://www.google.com/maps?q=39.000366,-8.963646"""
VFX-00111,"""https://www.google.com/maps?q=39.000366,-8.963646"""
VFX-00112,"""https://www.google.com/maps?q=39.000366,-8.963646"""
VFX-00113,"""https://www.google.com/maps?q=39.000366,-8.963646"""
VFX-00114,"""https://www.google.com/maps?q=39.000366,-8.963646"""
VFX-00115,"""https://www.google.com/maps?q=39.000366,-8.963646"""
VFX-00116,"""https://www.google.com/maps?q=39.000366,-8.963646"""
VFX-00117,"""https://www.google.com/maps?q=39.000366,-8.963646"""
VFX-00118,"""https://www.google.com/maps?q=39.000366,-8.963646"""
VFX-00119,"""https://www.google.com/maps?q=39.000366,-8.963646"""
VFX-00120,"""https://www.google.com/maps?q=39.000366,-8.963646"""
VFX-00121,"""https://www.google.com/maps?q=39.000366,-8.963646"""
VFX-00151,"""https://www.google.com/maps?q=38.986004,-8.967168"""
VGS-00007,"""https://www.google.com/maps?q=40.55228,-8.677539"""
VIS-00098,"""https://www.google.com/maps?q=40.63291,-7.930947"""
VLC-00013,"""https://www.google.com/maps?q=40.846146,-8.395111"""
VLG-00006,"""https://www.google.com/maps?q=41.210697,-8.546541"""
VLG-00007,"""https://www.google.com/maps?q=41.210697,-8.546541"""
VLG-00033,"""https://www.google.com/maps?q=41.18798,-8.49822"""
VLG-00037,"""https://www.google.com/maps?q=41.1835,-8.484806"""
VLN-00006,"""https://www.google.com/maps?q=42.026875,-8.637486"""
VND-00012,"""https://www.google.com/maps?q=38.678654,-8.451643"""
VNF-00042,"""https://www.google.com/maps?q=41.353107,-8.558065"""
VNF-00044,"""https://www.google.com/maps?q=41.415974,-8.518583"""
VNG-00041,"""https://www.google.com/maps?q=41.13616,-8.608571"""
VNG-00042,"""https://www.google.com/maps?q=41.1363,-8.608571"""
VNG-00048,"""https://www.google.com/maps?q=41.13873,-8.609518"""
VNG-00049,"""https://www.google.com/maps?q=41.13873,-8.609518"""
VNG-00050,"""https://www.google.com/maps?q=41.13873,-8.609518"""
VNG-00051,"""https://www.google.com/maps?q=41.129913,-8.608681"""
VNG-00052,"""https://www.google.com/maps?q=41.12975,-8.608681"""
VNG-00053,"""https://www.google.com/maps?q=41.129913,-8.608669"""
VNG-00121,"""https://www.google.com/maps?q=41.136112,-8.608532"""
VNG-00125,"""https://www.google.com/maps?q=41.043304,-8.563245"""
VNG-00152,"""https://www.google.com/maps?q=41.04633,-8.565744"""
VNG-00170,"""https://www.google.com/maps?q=41.108665,-8.593"""
VNG-00181,"""https://www.google.com/maps?q=41.126633,-8.635114"""
VNG-00184,"""https://www.google.com/maps?q=41.126633,-8.635114"""
VNG-00185,"""https://www.google.com/maps?q=41.126633,-8.635114"""
VNG-00186,"""https://www.google.com/maps?q=41.126633,-8.635114"""
VNG-00211,"""https://www.google.com/maps?q=41.13873,-8.609518"""
VNG-00212,"""https://www.google.com/maps?q=41.13873,-8.609518"""
VNG-00213,"""https://www.google.com/maps?q=41.13873,-8.609518"""
VNG-00214,"""https://www.google.com/maps?q=41.13873,-8.609518"""
VNG-00215,"""https://www.google.com/maps?q=41.13873,-8.609518"""
VNG-00219,"""https://www.google.com/maps?q=41.055286,-8.5671835"""
VNG-90005,"""https://www.google.com/maps?q=41.12911,-8.620756"""
VRL-00010,"""https://www.google.com/maps?q=41.30887,-7.738608"""
VRL-00011,"""https://www.google.com/maps?q=41.70282,-7.514103"""
VRL-00012,"""https://www.google.com/maps?q=41.302586,-7.741088"""
VRL-00041,"""https://www.google.com/maps?q=41.32448,-7.64073"""
VRL-00042,"""https://www.google.com/maps?q=41.32448,-7.64073"""
VRL-00043,"""https://www.google.com/maps?q=41.32364,-7.64166"""
VRL-00044,"""https://www.google.com/maps?q=41.32364,-7.64166"""
VRL-90004,"""https://www.google.com/maps?q=41.29415,-7.735333"""
VRS-00009,"""https://www.google.com/maps?q=37.192158,-7.424872"""
VRS-90002,"""https://www.google.com/maps?q=37.190655,-7.4142"""
VVC-00003,"""https://www.google.com/maps?q=38.785908,-7.422575"""
VVD-00007,"""https://www.google.com/maps?q=41.65606,-8.431835"""
