ChargerId,OperatorAbb,City,InsertedDate,Lat,Lon
ABF-00059,HRZ,Albufeira,2025-01-02,37.089485,-8.212982
ABF-00076,KLS,Albufeira,2023-10-11,37.124474,-8.30046
ABF-00077,KLS,Albufeira,2023-10-11,37.093155,-8.18788
ABF-00078,KLS,Albufeira,2023-10-11,37.088776,-8.256552
ABF-00079,KLS,Albufeira,2023-10-11,37.126133,-8.237478
ABF-00080,KLS,Albufeira,2023-10-11,37.175407,-8.205581
ABF-00081,KLS,Albufeira,2023-10-11,37.083683,-8.313905
ABF-00082,KLS,Albufeira,2023-10-11,37.090828,-8.2459
ABF-00083,KLS,Albufeira,2023-10-11,37.08724,-8.24759
ABF-00084,KLS,Albufeira,2023-10-11,37.117687,-8.245134
ABF-00085,KLS,Albufeira,2023-10-11,37.095665,-8.249486
ABT-00028,KLS,Abrantes,2024-05-21,39.468773,-8.203542
ACB-00042,ITV,Alcobaça,2025-12-03,39.41076,-8.962821
ACB-00043,ITV,Alcobaça,2025-12-03,39.410763,-8.962787
ACB-00044,ITV,Alcobaça,2025-12-03,39.41077,-8.962755
AGB-00004,EDP,Aguiar da Beira,2026-05-07,40.820347,-7.53942
AGD-00008,GLP,Águeda,2025-01-21,40.572285,-8.44309
AGD-00012,KLS,Águeda,2024-10-18,40.57765,-8.450683
AGD-00019,GLP,Águeda,2025-08-26,40.57765,-8.450683
AGH-00011,EDP,Angra do Heroísmo,2023-11-20,38.660755,-27.233997
AGN-00004,KLS,Arganil,2023-10-11,40.223804,-8.057222
ALM-00055,HRZ,Almada,2025-11-11,38.63152,-9.177273
ALM-00074,KLS,Almada,2024-05-21,38.67102,-9.171019
ALM-00075,ATL,Almada,2022-08-22,38.64836,-9.153869
ALM-00076,KLS,Almada,2024-06-04,38.646584,-9.180244
ALM-90006,EDP,Almada,2021-09-21,38.67546,-9.166247
ALM-90014,EDP,Almada,2023-11-08,38.61693,-9.21659
ALQ-00016,KLS,Alenquer,2023-10-11,39.040245,-8.988891
ALR-00004,EDP,Almeirim,2023-07-26,39.1936,-8.620554
ALR-00006,KLS,Almeirim,2023-10-11,39.200855,-8.62081
AMD-00048,MOO,Amadora,2022-03-26,38.71938,-9.234855
AMD-00056,GLP,Amadora,2025-04-08,38.728542,-9.215819
AMD-00089,KLS,Amadora,2024-10-18,38.75924,-9.243889
AMT-00019,KLS,Amarante,2023-10-11,41.274048,-8.091577
AMT-00027,HRZ,Amarante,2024-10-20,41.262604,-8.062726
AND-00010,KLS,Anadia,2024-10-18,40.441986,-8.449781
AND-00012,ITV,Anadia,2024-11-11,40.40389,-8.453486
AND-00013,ITV,Anadia,2024-11-11,40.403893,-8.45346
AND-00029,GLP,Anadia,2025-09-02,40.441986,-8.449781
AVR-00047,EDP,Aveiro,2023-06-29,40.55431,-8.551787
AVR-00072,MAK,Aveiro,2024-04-08,40.642212,-8.6577
AVR-00073,MAK,Aveiro,2024-04-08,40.642212,-8.6577
AVR-00074,MAK,Aveiro,2024-04-08,40.642212,-8.6577
AVR-00075,MAK,Aveiro,2024-04-08,40.642212,-8.6577
AVR-00076,MAK,Aveiro,2024-04-08,40.642212,-8.6577
AVR-00077,MAK,Aveiro,2024-04-08,40.642212,-8.6577
AVR-00078,MAK,Aveiro,2024-04-08,40.642212,-8.6577
AVR-00079,MAK,Aveiro,2024-04-08,40.642212,-8.6577
AVR-00080,MAK,Aveiro,2024-04-08,40.642212,-8.6577
AVR-00081,MAK,Aveiro,2025-09-17,40.642212,-8.6577
AVR-80001,ATL,Aveiro,2023-11-28,40.633755,-8.656367
AZB-00006,GLG,Azambuja,2024-12-24,39.122353,-8.907745
AZB-00007,GLG,Azambuja,2024-12-24,39.123985,-8.907096
AZB-00010,GLG,Azambuja,2024-12-24,39.122353,-8.907745
AZB-00013,GLP,Azambuja,2024-12-24,39.123985,-8.907096
AZB-00014,GLP,Azambuja,2024-12-24,39.122353,-8.907745
BCL-00006,IBD,Barcelos,2025-01-03,41.57926,-8.622332
BCL-00007,IBD,Barcelos,2025-01-03,41.579113,-8.622332
BCL-00026,KLS,Barcelos,2023-10-11,41.53258,-8.628945
BGC-00016,ATL,Bragança,2022-02-03,41.788105,-6.780908
BGC-00019,KLS,Bragança,2023-10-11,41.810635,-6.7638636
BJA-00029,KLS,Beja,2023-10-11,38.00544,-7.8736243
BNV-00010,ATL,Benavente,2023-11-03,38.920513,-8.880332
BRG-00025,IBD,Braga,2025-01-03,41.54703,-8.399948
BRG-00026,IBD,Braga,2025-01-03,41.54743,-8.399948
BRG-00028,HRZ,Braga,2025-01-02,41.56804,-8.38156
BRG-00032,HRZ,Braga,2025-01-02,41.556778,-8.406444
BRG-00033,HRZ,Braga,2025-01-02,41.556988,-8.406372
BRG-00043,GRC,Braga,2024-05-27,41.543133,-8.440223
BRG-00044,GRC,Braga,2024-05-27,41.54303,-8.439685
BRG-00047,EVC,Braga,2022-07-25,41.534706,-8.43977
BRG-00112,KLS,Braga,2023-10-11,41.560463,-8.416756
BRR-00003,PRI,Barreiro,2021-12-25,38.63361,-9.051861
BTL-00007,KLS,Batalha,2024-10-18,39.64595,-8.842106
BTL-00012,GLP,Batalha,2025-08-29,39.64595,-8.842106
CBR-00014,PRI,Coimbra,2021-12-25,40.214516,-8.43401
CBR-00015,PRI,Coimbra,2021-12-25,40.21467,-8.43401
CBR-00054,MOO,Coimbra,2022-03-26,40.25207,-8.436791
CBR-80004,ATL,Coimbra,2023-09-25,40.21529,-8.413305
CCH-00005,KLS,Coruche,2024-10-18,38.96103,-8.520147
CDN-00007,KLS,Condeixa-a-Nova,2024-10-18,40.110027,-8.507597
CHV-00020,KLS,Chaves,2023-10-11,41.759598,-7.4725857
CLD-00010,HRZ,Caldas da Rainha,2022-01-14,39.400894,-9.136826
CLD-00027,KLS,Caldas da Rainha,2023-10-11,39.39887,-9.137544
CNT-00005,HRZ,Cantanhede,2022-01-14,40.350834,-8.58668
CNT-00006,HRZ,Cantanhede,2025-01-02,40.35063,-8.58668
CNT-0294PL0001,CNT,Setúbal,2026-10-07,38.538197,-8.866267
CSC-00071,HRZ,Cascais,2024-11-12,38.710667,-9.455831
CSC-00168,ATL,Cascais,2022-11-22,38.714382,-9.405743
CSC-00175,KLS,Cascais,2023-10-11,38.735214,-9.397775
CSC-00194,EDP,Cascais,2023-06-29,38.724846,-9.42521
CSC-00195,EDP,Cascais,2023-06-29,38.724846,-9.42521
CSC-00198,EDP,Cascais,2025-08-27,38.724846,-9.42521
CSC-00575,VIA,Cascais,2026-09-22,38.708897,-9.337255
CTB-00047,KLS,Castelo Branco,2024-10-18,39.6425,-7.656111
CTB-90007,GLP,Castelo Branco,2024-02-09,39.915154,-7.4587793
CTX-00005,KLS,Cartaxo,2024-06-25,39.165363,-8.782801
CVL-00002,HRZ,Covilhã,2024-11-12,40.26389,-7.491038
CVL-00005,EDP,Covilhã,2023-06-29,40.265152,-7.4903812
CVR-00006,KLS,Castro Verde,2024-06-25,37.69439,-8.088611
CVR-00007,KLS,Castro Verde,2023-05-08,37.69439,-8.088611
ELV-00010,KLS,Elvas,2023-10-11,38.875366,-7.161697
ELV-00011,ITV,Elvas,2026-01-13,38.880272,-7.145023
ELV-00012,ITV,Elvas,2026-01-13,38.88026,-7.145043
ELV-00013,ITV,Elvas,2026-01-13,38.88025,-7.145059
ELV-00014,ITV,Elvas,2026-01-13,38.880238,-7.145087
ELV-00015,ITV,Elvas,2026-01-13,38.880226,-7.145105
EPS-00002,REP,Esposende,2025-03-14,41.5301,-8.762908
ESP-00012,KLS,Espinho,2023-10-11,41.000065,-8.641499
ETR-00016,KLS,Estarreja,2024-03-21,40.76462,-8.568518
ETR-00029,FCT,Estarreja,2026-03-26,40.75284,-8.570986
ETZ-00003,MOB,Estremoz,2026-08-11,38.800537,-7.660719
ETZ-00005,MLT,Estremoz,2024-12-24,38.846867,-7.581866
ETZ-00012,MLT,Estremoz,2024-12-24,38.846867,-7.581866
ETZ-00024,KLS,Estremoz,2023-10-11,38.84938,-7.5849767
ETZ-00027,EDP,Estremoz,2023-06-29,38.84834,-7.582984
EVR-00040,KLS,Évora,2023-10-11,38.55892,-7.9140224
EVR-00062,GLP,Évora,2025-08-26,38.55892,-7.9140224
EVR-90009,EDP,Évora,2021-07-27,38.5725,-7.90972
FAF-00010,ATL,Fafe,2022-02-03,41.445663,-8.165417
FAR-00037,KLS,Faro,2023-05-08,37.028942,-7.942056
FAR-00040,ATL,Faro,2022-07-12,37.02681,-7.94673
FAR-00041,ATL,Faro,2022-07-12,37.02542,-7.92476
FAR-00042,KLS,Faro,2023-10-11,37.027267,-7.9329486
FAR-90002,EDP,Faro,2023-08-08,37.016308,-7.935801
FIG-00012,HRZ,Figueira da Foz,2024-11-12,40.166233,-8.851946
FIG-00013,HRZ,Figueira da Foz,2025-01-02,40.166233,-8.851946
FIG-00023,EDP,Figueira da Foz,2023-06-29,40.120567,-8.851352
FIG-00038,ENB,Figueira da Foz,2025-01-02,40.116566,-8.848765
FIG-90003,GLP,Figueira da Foz,2025-01-21,40.148388,-8.867472
FNC-00063,ECI,Funchal,2025-05-28,32.65033,-16.90822
FZZ-00002,HRZ,Ferreira do Zêzere,2025-01-02,39.6674,-8.233287
GDL-00006,EDP,Grândola,2025-01-02,38.16702,-8.492748
GDL-00007,EDP,Grândola,2025-01-02,38.16769,-8.490198
GDM-00005,IBD,Gondomar,2025-01-03,41.16866,-8.54204
GDM-00006,IBD,Gondomar,2025-01-03,41.16866,-8.54204
GDM-00010,EVI,Gondomar,2022-07-05,41.119247,-8.511247
GDM-00012,HRZ,Gondomar,2025-01-02,41.18122,-8.536147
GDM-00038,HRZ,Gondomar,2025-01-02,41.10824,-8.532728
GDM-00043,KLS,Gondomar,2023-10-11,41.1827,-8.537744
GRD-00022,EDP,Guarda,2023-07-16,40.413548,-7.675034
GRD-00029,KLS,Guarda,2023-10-11,40.544228,-7.261285
GRD-00037,CAB,Guarda,2024-11-20,40.56584,-7.224364
GVA-00005,KLS,Gouveia,2023-10-11,40.49432,-7.6025376
LLE-00156,KLS,Loulé,2024-10-18,37.102055,-8.001583
LLE-00160,EDP,Loulé,2023-06-29,37.234253,-8.175735
LMG-00014,KLS,Lamego,2024-10-18,41.08114,-7.799092
LRA-00059,MOO,Leiria,2022-03-26,39.762505,-8.786816
LRA-00144,KLS,Leiria,2024-10-18,39.76278,-8.783333
LRS-00057,EDP,Loures,2025-08-19,38.859756,-9.161636
LRS-00059,EDP,Loures,2025-01-02,38.85825,-9.161167
LRS-00109,ATL,Loures,2023-12-15,38.83647,-9.167371
LRS-00132,FCT,Loures,2025-02-13,38.823,-9.0884
LRS-00134,EDP,Loures,2025-01-02,38.8154,-9.1587
LRS-90012,HRZ,Loures,2025-01-01,38.807133,-9.157717
LRS-90022,EDP,Loures,2021-09-30,38.790783,-9.10635
LRS-90026,HRZ,Loures,2025-01-01,38.778618,-9.102367
LSB-00156,MAK,Lisboa,2025-01-02,38.736046,-9.140358
LSB-00157,MAK,Lisboa,2025-01-02,38.736046,-9.140358
LSB-00158,MAK,Lisboa,2025-01-02,38.736046,-9.140358
LSB-00161,MAK,Lisboa,2025-01-02,38.736374,-9.14304
LSB-00162,MAK,Lisboa,2025-01-02,38.736374,-9.14304
LSB-00164,MAK,Lisboa,2025-01-02,38.736374,-9.14304
LSB-00165,MAK,Lisboa,2025-01-02,38.736374,-9.14304
LSB-00166,MAK,Lisboa,2025-01-02,38.739956,-9.137624
LSB-00167,MAK,Lisboa,2025-01-02,38.739956,-9.137624
LSB-00168,MAK,Lisboa,2025-01-02,38.739956,-9.137624
LSB-00170,MAK,Lisboa,2025-01-02,38.715347,-9.16668
LSB-00171,MAK,Lisboa,2025-01-02,38.715347,-9.16668
LSB-00172,MAK,Lisboa,2025-01-02,38.715347,-9.16668
LSB-00173,MAK,Lisboa,2025-01-02,38.715347,-9.16668
LSB-00245,MAK,Lisboa,2025-01-02,38.73859,-9.152627
LSB-00246,MAK,Lisboa,2025-01-02,38.73859,-9.152627
LSB-00247,MAK,Lisboa,2025-01-02,38.73859,-9.152627
LSB-00279,GLG,Lisboa,2024-12-24,38.7675,-9.17084
LSB-00282,GLG,Lisboa,2024-12-24,38.763058,-9.108889
LSB-00311,MAK,Lisboa,2024-04-08,38.74323,-9.1388235
LSB-00312,MAK,Lisboa,2024-04-08,38.74323,-9.1388235
LSB-00313,MAK,Lisboa,2024-04-08,38.74323,-9.1388235
LSB-00426,MAK,Lisboa,2025-01-02,38.73239,-9.145553
LSB-00427,MAK,Lisboa,2025-01-02,38.73239,-9.145553
LSB-00428,MAK,Lisboa,2025-01-02,38.73239,-9.145553
LSB-00429,MAK,Lisboa,2025-01-02,38.73239,-9.145553
LSB-00572,HRZ,Lisboa,2022-11-25,38.78852,-9.127669
LSB-00573,HRZ,Lisboa,2022-11-25,38.78852,-9.127669
LSB-00664,ATL,Lisboa,2022-11-22,38.70199,-9.193662
LSB-00670,ATL,Lisboa,2023-05-03,38.768482,-9.172888
LSB-00729,MAK,Lisboa,2025-01-02,38.736046,-9.140358
LSB-00730,MAK,Lisboa,2025-01-02,38.736046,-9.140358
LSB-00731,MAK,Lisboa,2025-01-02,38.736046,-9.140358
LSB-00732,MAK,Lisboa,2025-01-02,38.736374,-9.14304
LSB-00733,MAK,Lisboa,2025-01-02,38.736374,-9.14304
LSB-00734,MAK,Lisboa,2025-01-02,38.73859,-9.152627
LSB-00735,MAK,Lisboa,2025-01-02,38.73859,-9.152627
LSB-00736,MAK,Lisboa,2025-01-02,38.73859,-9.152627
LSB-00737,MAK,Lisboa,2025-01-02,38.73859,-9.152627
LSB-00738,MAK,Lisboa,2025-01-02,38.73859,-9.152627
LSB-00739,MAK,Lisboa,2025-01-02,38.73859,-9.152627
LSB-00746,MAK,Lisboa,2025-01-02,38.715347,-9.16668
LSB-00747,MAK,Lisboa,2025-01-02,38.715347,-9.16668
LSB-00772,MAK,Lisboa,2025-09-30,38.74323,-9.1388235
LSB-00773,MAK,Lisboa,2025-09-30,38.74323,-9.1388235
LSB-00774,MAK,Lisboa,2025-09-30,38.74323,-9.1388235
LSB-00809,CAB,Lisboa,2024-08-06,38.72197,-9.151513
LSB-00975,REP,Lisboa,2025-03-14,38.74327,-9.21075
LSB-00996,GLP,Lisboa,2025-01-21,38.76306,-9.10889
LSB-01150,MAK,Lisboa,2026-03-19,38.755196,-9.14
LSB-01151,MAK,Lisboa,2026-03-19,38.755196,-9.14
LSB-01152,MAK,Lisboa,2026-03-19,38.755196,-9.14
LSB-01153,MAK,Lisboa,2026-07-23,38.755196,-9.14
LSB-01154,MAK,Lisboa,2026-03-19,38.755196,-9.14
LSB-01155,MAK,Lisboa,2026-03-19,38.755196,-9.14
LSB-01158,FCT,Lisboa,2026-01-21,38.77375,-9.10522
LSB-01159,FCT,Lisboa,2026-01-21,38.77375,-9.10522
LSB-01164,MAK,Lisboa,2026-02-06,38.73239,-9.145553
LSB-01166,MAK,Lisboa,2026-02-06,38.73239,-9.145553
LSB-01167,MAK,Lisboa,2026-02-06,38.73239,-9.145553
LSB-01168,MAK,Lisboa,2026-02-06,38.73239,-9.145553
LSB-01169,MAK,Lisboa,2026-02-06,38.73239,-9.145553
LSB-01170,MAK,Lisboa,2026-02-06,38.73239,-9.145553
LSB-01171,MAK,Lisboa,2026-02-06,38.73239,-9.145553
LSB-01172,MAK,Lisboa,2026-02-06,38.73239,-9.145553
LSB-01173,MAK,Lisboa,2026-02-06,38.73239,-9.145553
LSB-01224,MAK,Lisboa,2026-04-25,38.715347,-9.16668
LSB-01225,MAK,Lisboa,2026-04-25,38.715347,-9.16668
LSB-01226,MAK,Lisboa,2026-04-25,38.715347,-9.16668
LSB-01227,MAK,Lisboa,2026-04-25,38.715347,-9.16668
LSB-01228,MAK,Lisboa,2026-04-25,38.715347,-9.16668
LSB-01229,MAK,Lisboa,2026-04-25,38.715347,-9.16668
LSB-01230,MAK,Lisboa,2026-05-20,38.715347,-9.16668
LSB-01338,MAK,Lisboa,2026-09-09,38.739956,-9.137624
LSB-01339,MAK,Lisboa,2026-09-09,38.739956,-9.137624
LSB-01537,GLP,Lisboa,2024-12-24,38.768417,-9.097083
LSB-01539,EVP,Lisboa,2021-10-09,38.750404,-9.159949
LSB-01540,HRZ,Lisboa,2022-01-14,38.72352,-9.161686
LSB-01541,HRZ,Lisboa,2022-01-14,38.723007,-9.161783
LSB-80027,ATL,Lisboa,2023-09-25,38.744457,-9.183136
LSB-80076,ATL,Lisboa,2023-09-25,38.715515,-9.163522
LSB-80134,GLP,Lisboa,2023-11-27,38.72916,-9.123114
LSB-80532,GLP,Lisboa,2023-11-27,38.72916,-9.123114
LSB-90045,EDP,Lisboa,2023-08-08,38.75761,-9.094753
LSB-90061,GLP,Lisboa,2024-02-09,38.71996,-9.166707
LSB-90096,GLP,Lisboa,2024-02-09,38.706722,-9.150906
LSB-90110,EDP,Lisboa,2023-08-08,38.70967,-9.14245
LSB-90132,HRZ,Lisboa,2020-08-25,38.712288,-9.124522
LSB-90147,EDP,Lisboa,2023-08-08,38.749443,-9.104167
MAI-00047,KLS,Maia,2023-10-11,41.226353,-8.6132965
MAI-00048,KLS,Maia,2023-10-11,41.229237,-8.585379
MAI-00055,PFU,Maia,2024-08-12,41.274002,-8.600193
MAI-00065,PFU,Maia,2024-12-15,41.238037,-8.667299
MAI-00066,PFU,Maia,2024-12-15,41.23804,-8.667299
MAI-00067,PFU,Maia,2024-12-15,41.23804,-8.667299
MAI-00068,PFU,Maia,2024-12-15,41.23804,-8.667299
MAI-00086,VEI,Maia,2025-11-28,41.268337,-8.617271
MAI-00087,VEI,Maia,2025-11-28,41.268337,-8.627271
MCD-00004,KLS,Macedo de Cavaleiros,2024-06-04,41.54416,-6.959786
MCN-00002,HRZ,Marco de Canaveses,2025-01-02,41.17763,-8.15066
MDL-00010,ATL,Mirandela,2022-02-03,41.49634,-7.17893
MDL-00011,KLS,Mirandela,2023-10-11,41.494175,-7.184129
MFR-00005,EDP,Mafra,2023-06-29,38.960083,-9.417678
MFR-00006,EDP,Mafra,2023-06-29,38.960083,-9.417678
MGL-00010,KLS,Mangualde,2024-10-18,40.60897,-7.762319
MGR-00014,EDP,Marinha Grande,2023-06-29,39.743008,-8.903196
MIR-00007,ATL,Mira,2023-01-26,40.43538,-8.727703
MLD-00014,KLS,Mealhada,2023-10-11,40.37369,-8.449236
MLG-00002,EDP,Melgaço,2023-07-24,42.109352,-8.261638
MMN-00013,KLS,Montemor-o-Novo,2023-10-11,38.647877,-8.222552
MNC-00007,HRZ,Monção,2025-01-02,42.05672,-8.531079
MNC-00009,KLS,Monção,2025-08-20,42.0671,-8.495299
MOBI-LGA-00001,GLP,"Lagoa, Faro",2024-12-24,37.101902,-8.380403
MOBI-LGA-00002,GLP,"Lagoa, Faro",2024-12-24,37.101902,-8.380403
MOBI-LGA-00003,GLP,"Lagoa, Faro",2024-12-24,37.101902,-8.380403
MOBI-MFR-00080,MOB,Mafra,2025-10-14,38.99739,-9.255187
MOBI-OER-00710,PQT,Oeiras,2026-07-08,38.69733,-9.29976
MOBI-OER-00711,PQT,Oeiras,2026-07-08,38.69733,-9.29976
MOBI-PRT-00117,HLX,Porto,2025-11-01,41.160564,-8.61062
MOU-00002,ITV,Mourão,2025-08-13,38.381817,-7.339493
MOU-00003,ITV,Mourão,2025-08-13,38.381805,-7.339459
MRA-90001,EDP,Moura,2023-08-08,38.143166,-7.450222
MTJ-00014,BLU,Montijo,2023-01-14,38.696243,-8.945832
MTJ-00015,GLG,Montijo,2024-12-24,38.726677,-8.669938
MTJ-00016,GLG,Montijo,2024-12-24,38.726677,-8.669938
MTJ-00065,ITV,Montijo,2024-11-11,38.6836,-8.611916
MTJ-00066,ITV,Montijo,2024-11-11,38.68358,-8.61191
MTL-00002,KLS,Mértola,2024-10-18,37.6425,-7.656111
MTS-00138,KLS,Matosinhos,2023-10-11,41.1857,-8.69433
MTS-00140,KLS,Matosinhos,2023-10-11,41.198765,-8.610433
MTS-00149,ATL,Matosinhos,2024-06-06,41.174686,-8.687362
MTS-00150,ATL,Matosinhos,2024-06-06,41.174686,-8.687362
MTS-00151,ATL,Matosinhos,2024-06-06,41.174686,-8.687362
MTS-00152,ATL,Matosinhos,2024-02-28,41.174686,-8.687362
MTS-00154,ATL,Matosinhos,2024-07-08,41.174686,-8.687362
MTS-00176,KLS,Matosinhos,2024-10-18,41.228687,-8.697887
NLS-00003,KLS,Nelas,2024-05-21,40.539932,-7.857868
NZR-00054,FCT,Nazaré,2026-04-28,39.619926,-8.990726
NZR-00055,FCT,Nazaré,2026-04-28,39.619926,-8.990726
NZR-00056,FCT,Nazaré,2026-04-28,39.619926,-8.990726
ODM-00014,KLS,Odemira,2023-10-11,37.591656,-8.667274
ODV-00017,KLS,Odivelas,2023-04-13,38.794167,-9.168611
ODV-00022,KLS,Odivelas,2023-10-11,38.797764,-9.177374
ODV-00025,KLS,Odivelas,2023-10-11,38.795746,-9.196615
OER-00043,HLX,Oeiras,2023-01-03,38.741974,-9.306722
OER-00060,BLU,Oeiras,2023-01-14,38.704445,-9.304354
OER-00117,GLG,Oeiras,2024-12-24,38.71631,-9.2404
OER-00173,BLU,Oeiras,2023-04-18,38.704445,-9.304354
OER-00190,ATL,Oeiras,2023-10-31,38.71518,-9.24051
OER-00215,KLS,Oeiras,2023-10-11,38.71581,-9.300485
OER-00217,KLS,Oeiras,2024-06-04,38.706112,-9.238333
OER-00244,MOT,Oeiras,2025-08-14,38.724922,-9.2154
OHP-00014,KLS,Oliveira do Hospital,2024-06-04,40.36125,-7.855306
ORM-00009,KLS,Ourém,2023-07-27,39.631897,-8.680918
ORM-00020,KLS,Ourém,2024-10-18,39.656666,-8.583611
OVR-00009,IBD,Ovar,2025-01-03,40.864468,-8.610392
OVR-00010,IBD,Ovar,2025-01-03,40.864468,-8.610392
OVR-00019,KLS,Ovar,2024-04-11,40.884296,-8.615851
PBL-00004,GLG,Pombal,2024-12-24,40.01419,-8.60033
PBL-00006,GLG,Pombal,2023-01-14,40.01419,-8.60033
PBL-00021,GLP,Pombal,2024-12-24,40.01419,-8.60033
PCV-00003,KLS,Penacova,2024-10-18,40.27258,-8.287489
PLM-00034,KLS,Palmela,2023-10-11,38.619324,-8.917789
PLM-00035,KLS,Palmela,2023-10-11,38.577366,-8.898404
PNF-00007,IBD,Penafiel,2025-01-03,41.199287,-8.311008
PNF-00008,IBD,Penafiel,2025-01-03,41.199127,-8.3114605
PNF-00039,HRZ,Penafiel,2024-10-20,41.167458,-8.3085985
PNI-00013,KLS,Peniche,2024-10-18,39.365627,-9.380628
PRD-00041,ENE,Paredes,2025-10-09,41.22714,-8.40324
PRT-00019,GLG,Porto,2024-12-24,41.16409,-8.639392
PRT-00053,MAK,Porto,2024-04-08,41.147457,-8.608928
PRT-00054,MAK,Porto,2024-04-08,41.147457,-8.608928
PRT-00055,MAK,Porto,2024-04-08,41.147457,-8.608928
PRT-00056,MAK,Porto,2024-04-08,41.147457,-8.608928
PRT-00057,MAK,Porto,2024-04-08,41.147457,-8.608928
PRT-00058,MAK,Porto,2024-04-08,41.147457,-8.608928
PRT-00059,MAK,Porto,2025-01-02,41.157314,-8.627193
PRT-00060,MAK,Porto,2025-01-02,41.157314,-8.627193
PRT-00061,MAK,Porto,2025-01-02,41.157314,-8.627193
PRT-00069,IBD,Porto,2025-01-03,41.16275,-8.629396
PRT-00070,IBD,Porto,2025-01-03,41.1626,-8.629396
PRT-00129,MAK,Porto,2025-01-02,41.150898,-8.626431
PRT-00130,MAK,Porto,2025-01-02,41.150898,-8.626431
PRT-00131,MAK,Porto,2025-01-02,41.150898,-8.626431
PRT-00200,MAK,Porto,2025-02-10,41.147457,-8.608928
PRT-00201,MAK,Porto,2025-02-10,41.147457,-8.608928
PRT-00202,MAK,Porto,2025-02-10,41.147457,-8.608928
PRT-00203,MAK,Porto,2025-02-10,41.147457,-8.608928
PRT-00204,MAK,Porto,2025-02-10,41.147457,-8.608928
PRT-00205,MAK,Porto,2025-02-10,41.147457,-8.608928
PRT-00206,MAK,Porto,2025-02-10,41.147457,-8.608928
PRT-00207,MAK,Porto,2025-02-10,41.147457,-8.608928
PRT-00208,MAK,Porto,2025-02-10,41.147457,-8.608928
PRT-00235,KLS,Porto,2024-06-04,41.1771,-8.655239
PRT-00247,CAB,Porto,2024-09-04,41.14713,-8.631777
PRT-00263,MAK,Porto,2025-04-10,41.16265,-8.6667185
PRT-00264,MAK,Porto,2025-04-10,41.16265,-8.6667185
PRT-00265,MAK,Porto,2025-04-10,41.16265,-8.6667185
PRT-00266,MAK,Porto,2025-04-10,41.16265,-8.6667185
PRT-00267,MAK,Porto,2025-04-10,41.16265,-8.6667185
PRT-00268,MAK,Porto,2025-04-10,41.16265,-8.6667185
PRT-00269,MAK,Porto,2025-04-10,41.16265,-8.6667185
PRT-00270,MAK,Porto,2025-04-10,41.16265,-8.6667185
PRT-00271,MAK,Porto,2025-04-10,41.16265,-8.6667185
PRT-00272,MAK,Porto,2025-04-10,41.16265,-8.6667185
PRT-00273,MAK,Porto,2025-04-10,41.16265,-8.6667185
PRT-00274,MAK,Porto,2025-04-10,41.16265,-8.6667185
PRT-00275,MAK,Porto,2025-04-10,41.16265,-8.6667185
PRT-00276,MAK,Porto,2025-04-10,41.16265,-8.6667185
PRT-00277,MAK,Porto,2025-04-10,41.16265,-8.6667185
PRT-00278,MAK,Porto,2025-04-10,41.16265,-8.6667185
PRT-00279,MAK,Porto,2025-04-10,41.16265,-8.6667185
PRT-00280,MAK,Porto,2025-04-10,41.16265,-8.6667185
PRT-00281,MAK,Porto,2025-04-10,41.16265,-8.6667185
PRT-00294,ATL,Porto,2024-06-06,41.152966,-8.622607
PRT-00297,ATL,Porto,2024-06-06,41.152966,-8.622607
PRT-00299,MAK,Porto,2025-08-02,41.157314,-8.627193
PRT-00300,MAK,Porto,2025-08-02,41.157314,-8.627193
PRT-00301,MAK,Porto,2025-08-02,41.157314,-8.627193
PRT-00302,MAK,Porto,2025-10-02,41.150898,-8.626431
PRT-00303,MAK,Porto,2025-10-02,41.150898,-8.626431
PRT-00304,MAK,Porto,2025-10-02,41.150898,-8.626431
PSR-00007,ATL,Ponte de Sôr,2022-02-03,39.267857,-8.013283
PTG-00022,KLS,Portalegre,2023-10-11,39.27959,-7.4313855
PTG-00027,ITV,Portalegre,2024-11-11,39.283092,-7.431314
PTG-00028,ITV,Portalegre,2024-11-11,39.283096,-7.431342
PTL-00008,HRZ,Ponte de Lima,2025-01-02,41.744747,-8.610238
PTL-00014,KLS,Ponte de Lima,2023-10-11,41.772503,-8.577375
PTM-00063,EDP,Portimão,2023-07-14,37.120316,-8.544349
PVZ-00018,IBD,Póvoa de Varzim,2025-03-10,41.40453,-8.767323
PVZ-00019,IBD,Póvoa de Varzim,2025-03-10,41.40453,-8.767323
PVZ-00045,REP,Póvoa de Varzim,2025-03-14,41.40651,-8.76733
RMR-00016,HLX,Rio Maior,2026-09-19,39.420692,-8.825561
SAT-00003,EDP,Sátão,2023-07-16,40.755886,-7.727822
SBA-90001,GLP,São Brás de Alportel,2024-02-09,37.154408,-7.889941
SBR-90001,HRZ,Sabrosa,2022-01-20,41.267113,-7.574972
SCD-00006,KLS,Santa Comba Dão,2024-10-18,40.403885,-8.130167
SJM-00003,IBD,São João da Madeira,2025-01-03,40.885967,-8.489748
SJM-00004,IBD,São João da Madeira,2025-01-03,40.885967,-8.489748
SLV-00010,LUZ,Silves,2022-12-27,37.18234,-8.28172
SNS-00016,KLS,Sines,2024-06-04,37.958908,-8.854629
SNS-00019,GLP,Sines,2025-08-13,37.958954,-8.871728
SNT-00103,HRZ,Sintra,2025-01-02,38.857773,-9.379359
SNT-00164,ATL,Sintra,2024-11-05,38.79276,-9.3293
SNT-90004,EDP,Sintra,2023-08-08,38.790745,-9.379548
SRE-00006,KLS,Soure,2024-10-18,40.064117,-8.619289
SRP-00005,KLS,Serpa,2023-10-11,37.94265,-7.608272
SSB-00016,KLS,Sesimbra,2024-05-21,38.56622,-9.040185
STB-00061,ATL,Setúbal,2023-09-29,38.533237,-8.884313
STB-00072,KLS,Setúbal,2024-05-21,38.539513,-8.867519
STB-00073,KLS,Setúbal,2024-05-21,38.539173,-8.88678
STB-00074,KLS,Setúbal,2023-10-11,38.523106,-9.020118
STB-00084,KLS,Setúbal,2024-10-18,38.521538,-8.872692
STB-80009,GLP,Setúbal,2023-11-27,38.530987,-8.886267
STR-00036,KLS,Santarém,2023-10-11,39.239132,-8.697475
STS-00002,MLT,Santo Tirso,2023-01-14,41.343307,-8.478301
STS-00007,IBD,Santo Tirso,2025-01-03,41.33927,-8.481781
STS-00008,IBD,Santo Tirso,2025-01-03,41.33927,-8.481781
SXL-00053,KLS,Seixal,2024-06-25,38.633446,-9.150689
SXL-00054,KLS,Seixal,2024-05-21,38.597687,-9.143662
SXL-00055,KLS,Seixal,2023-10-11,38.640896,-9.102686
SXL-00056,KLS,Seixal,2024-06-04,38.630608,-9.118686
SXL-00058,KLS,Seixal,2024-10-18,38.649822,-9.142722
SXL-00064,FCT,Seixal,2025-02-13,38.60995,-9.098627
TBC-00003,EDP,Tabuaço,2025-01-02,41.162647,-7.570301
TCS-00002,EDP,Trancoso,2023-07-14,40.774715,-7.354502
TMR-00034,ATL,Tomar,2023-01-26,39.611523,-8.395394
TMR-00035,KLS,Tomar,2023-10-11,39.610153,-8.403638
TNV-00018,KLS,Torres Novas,2023-10-11,39.465088,-8.524621
TRF-00018,KLS,Trofa,2024-10-18,41.33139,-8.5633335
TRF-00023,VIA,Trofa,2026-07-10,41.263676,-8.563374
TRF-00024,VIA,Trofa,2026-07-08,41.263676,-8.563374
TRF-00025,VIA,Trofa,2026-07-10,41.263676,-8.563374
TRF-00026,VIA,Trofa,2026-07-08,41.263783,-8.56441
TRF-00027,VIA,Trofa,2026-07-10,41.263783,-8.56441
TRF-00028,VIA,Trofa,2026-07-08,41.263783,-8.56441
TVR-00019,ATL,Tavira,2024-02-05,37.130795,-7.636866
TVR-00020,ATL,Tavira,2024-02-20,37.130795,-7.636866
TVR-00023,KLS,Tavira,2023-10-11,37.119328,-7.6561403
VBP-00012,KLS,Vila do Bispo,2024-10-18,37.08033,-8.913081
VCD-00046,KLS,Vila do Conde,2024-10-18,41.368008,-8.749539
VCD-00050,KLS,Vila do Conde,2023-05-08,41.30929,-8.692851
VCD-00078,ATL,Vila do Conde,2025-11-14,41.299667,-8.705062
VCT-00046,KLS,Viana do Castelo,2024-06-25,41.706306,-8.819658
VDG-00002,KLS,Vidigueira,2024-10-18,38.20564,-7.80081
VFL-90001,GLP,Vila Flor,2025-01-21,41.308834,-7.156758
VFR-00004,HRZ,Santa Maria da Feira,2025-06-27,40.93902,-8.540577
VFR-00005,HRZ,Santa Maria da Feira,2025-01-02,40.93902,-8.540577
VFX-00016,HRZ,Vila Franca de Xira,2021-06-03,38.977207,-8.985109
VFX-00097,GLP,Vila Franca de Xira,2025-01-21,38.894722,-9.041111
VFX-00110,HLX,Vila Franca de Xira,2025-10-23,39.000366,-8.963646
VFX-00111,HLX,Vila Franca de Xira,2025-10-23,39.000366,-8.963646
VFX-00112,HLX,Vila Franca de Xira,2025-10-23,39.000366,-8.963646
VFX-00113,HLX,Vila Franca de Xira,2025-10-23,39.000366,-8.963646
VFX-00114,HLX,Vila Franca de Xira,2025-10-23,39.000366,-8.963646
VFX-00115,HLX,Vila Franca de Xira,2025-10-23,39.000366,-8.963646
VFX-00116,HLX,Vila Franca de Xira,2025-10-23,39.000366,-8.963646
VFX-00117,HLX,Vila Franca de Xira,2025-10-23,39.000366,-8.963646
VFX-00118,HLX,Vila Franca de Xira,2025-10-23,39.000366,-8.963646
VFX-00119,HLX,Vila Franca de Xira,2025-10-23,39.000366,-8.963646
VFX-00120,HLX,Vila Franca de Xira,2025-11-11,39.000366,-8.963646
VFX-00121,HLX,Vila Franca de Xira,2025-10-23,39.000366,-8.963646
VFX-00151,FCT,Vila Franca de Xira,2026-09-15,38.986004,-8.967168
VGS-00007,ATL,Vagos,2023-10-18,40.55228,-8.677539
VIS-00098,KLS,Viseu,2023-10-11,40.63291,-7.930947
VLC-00013,KLS,Vale de Cambra,2023-10-11,40.846146,-8.395111
VLG-00006,IBD,Valongo,2025-01-03,41.210697,-8.546541
VLG-00007,IBD,Valongo,2025-01-03,41.210697,-8.546541
VLG-00033,ATL,Valongo,2022-02-03,41.18798,-8.49822
VLG-00037,KLS,Valongo,2024-06-04,41.1835,-8.484806
VLN-00006,KLS,Valença,2023-10-11,42.026875,-8.637486
VND-00012,KLS,Vendas Novas,2023-10-11,38.678654,-8.451643
VNF-00042,KLS,Vila Nova de Famalicão,2023-10-11,41.353107,-8.558065
VNF-00044,KLS,Vila Nova de Famalicão,2023-10-11,41.415974,-8.518583
VNG-00041,HRZ,Vila Nova de Gaia,2025-01-02,41.13616,-8.608571
VNG-00042,HRZ,Vila Nova de Gaia,2025-01-02,41.1363,-8.608571
VNG-00048,MAK,Vila Nova de Gaia,2025-01-02,41.13873,-8.609518
VNG-00049,MAK,Vila Nova de Gaia,2025-01-02,41.13873,-8.609518
VNG-00050,MAK,Vila Nova de Gaia,2025-01-02,41.13873,-8.609518
VNG-00051,MAK,Vila Nova de Gaia,2025-01-02,41.129913,-8.608681
VNG-00052,MAK,Vila Nova de Gaia,2025-01-02,41.12975,-8.608681
VNG-00053,MAK,Vila Nova de Gaia,2025-01-02,41.129913,-8.608669
VNG-00121,HRZ,Vila Nova de Gaia,2025-01-02,41.136112,-8.608532
VNG-00125,HRZ,Vila Nova de Gaia,2025-01-02,41.043304,-8.563245
VNG-00152,KLS,Vila Nova de Gaia,2023-10-11,41.04633,-8.565744
VNG-00170,KLS,Vila Nova de Gaia,2024-10-18,41.108665,-8.593
VNG-00181,PFU,Vila Nova de Gaia,2024-12-15,41.126633,-8.635114
VNG-00184,PFU,Vila Nova de Gaia,2024-12-15,41.126633,-8.635114
VNG-00185,PFU,Vila Nova de Gaia,2024-12-15,41.126633,-8.635114
VNG-00186,PFU,Vila Nova de Gaia,2024-12-15,41.126633,-8.635114
VNG-00211,MAK,Vila Nova de Gaia,2025-08-02,41.13873,-8.609518
VNG-00212,MAK,Vila Nova de Gaia,2025-08-02,41.13873,-8.609518
VNG-00213,MAK,Vila Nova de Gaia,2025-08-02,41.13873,-8.609518
VNG-00214,MAK,Vila Nova de Gaia,2025-09-16,41.13873,-8.609518
VNG-00215,MAK,Vila Nova de Gaia,2025-09-16,41.13873,-8.609518
VNG-00219,HRZ,Vila Nova de Gaia,2025-10-28,41.055286,-8.5671835
VNG-90005,GLP,Vila Nova de Gaia,2024-02-09,41.12911,-8.620756
VRL-00010,DOU,Vila Real,2022-02-26,41.30887,-7.738608
VRL-00011,LOG,Vila Real,2022-05-05,41.70282,-7.514103
VRL-00012,REP,Vila Real,2023-09-05,41.302586,-7.741088
VRL-00041,CAB,Vila Real,2025-01-20,41.32448,-7.64073
VRL-00042,CAB,Vila Real,2025-01-20,41.32448,-7.64073
VRL-00043,CAB,Vila Real,2025-01-20,41.32364,-7.64166
VRL-00044,CAB,Vila Real,2024-11-26,41.32364,-7.64166
VRL-90004,EDP,Vila Real,2023-08-08,41.29415,-7.735333
VRS-00009,KLS,Vila Real de Santo António,2023-10-11,37.192158,-7.424872
VRS-90002,GLP,Vila Real de Santo António,2024-02-09,37.190655,-7.4142
VVC-00003,KLS,Vila Viçosa,2023-10-11,38.785908,-7.422575
VVD-00007,HRZ,Vila Verde,2025-01-02,41.65606,-8.431835
