Error, ErrorDate
Charger MTS-00046 has no Connector on RefillPoint PT-EDP-EMTS-00046-1,2026-10-10
Charger MTS-00046 has no Connector on RefillPoint PT-EDP-EMTS-00046-2,2026-10-10
Charger MTS-00046 has no Connector on RefillPoint PT-EDP-EMTS-00046-3,2026-10-10
Charger MOBI-BRG-00047 has no Connector on RefillPoint MOBI-BRG-00047-01,2026-10-10
Charger MOBI-BRG-00047 has no Connector on RefillPoint MOBI-BRG-00047-02,2026-10-10
Charger OVR-00033 has no Connector on RefillPoint 60,2026-10-10
Charger OVR-00035 has no Connector on RefillPoint 65,2026-10-10
Charger PLM-00059 has no Connector on RefillPoint PT-EDP-EPLM-00059-1,2026-10-10
Charger PLM-00059 has no Connector on RefillPoint PT-EDP-EPLM-00059-2,2026-10-10
Charger PLM-00059 has no Connector on RefillPoint PT-EDP-EPLM-00059-3,2026-10-10
Charger LSB-01117 has no Connector on RefillPoint PT-EDP-ELSB-01117-2,2026-10-10
Charger CNT-0001PL0001 has no OPC,2026-10-10
Charger CNT-0001PL0002 has no OPC,2026-10-10
Charger CNT-0001PL0003 has no OPC,2026-10-10
Charger CNT-0001PL0004 has no OPC,2026-10-10
Charger CNT-0001PL0005 has no OPC,2026-10-10
Charger CNT-0001PL0006 has no OPC,2026-10-10
Charger CNT-0001PL0007 has no OPC,2026-10-10
Charger CNT-0001PL0008 has no OPC,2026-10-10
Charger CNT-0001PR0009 has no OPC,2026-10-10
Charger CNT-0001PR0010 has no OPC,2026-10-10
Charger CNT-0002PL0003 has no OPC,2026-10-10
Charger CNT-0002PL0012 has no City,2026-10-10
Charger CNT-0002PL0012 has no Country,2026-10-10
Charger CNT-0002PL0015 has no City,2026-10-10
Charger CNT-0002PL0015 has no Country,2026-10-10
Charger CNT-0002PL0017 has no City,2026-10-10
Charger CNT-0002PL0017 has no Country,2026-10-10
Charger CNT-0002PR0001 has no OPC,2026-10-10
Charger CNT-0002PR0002 has no OPC,2026-10-10
Charger CNT-0002PR0020 has no City,2026-10-10
Charger CNT-0002PR0020 has no Country,2026-10-10
Charger CNT-0002PR0023 has no City,2026-10-10
Charger CNT-0002PR0023 has no Country,2026-10-10
Charger CNT-0107PR0005 has no City,2026-10-10
Charger CNT-0107PR0005 has no Country,2026-10-10
Charger CNT-0207PL0001 has no OPC,2026-10-10
Charger CNT-0207PL0002 has no OPC,2026-10-10
Charger CNT-0207PR0003 has no OPC,2026-10-10
Charger CNT-0209PL0001 has no OPC,2026-10-10
Charger CNT-0209PL0002 has no OPC,2026-10-10
Charger CNT-0209PR0003 has no OPC,2026-10-10
Charger CNT-0210PL0001 has no OPC,2026-10-10
Charger CNT-0210PL0002 has no OPC,2026-10-10
Charger CNT-0210PR0003 has no OPC,2026-10-10
Charger CNT-0213PL0001 has no City,2026-10-10
Charger CNT-0213PL0001 has no Country,2026-10-10
Charger CNT-0215PL0002 has no OPC,2026-10-10
Charger CNT-0215PR0003 has no OPC,2026-10-10
Charger CNT-0232PL0001 has no City,2026-10-10
Charger CNT-0232PL0001 has no Country,2026-10-10
Charger CNT-0232PL0002 has no City,2026-10-10
Charger CNT-0232PL0002 has no Country,2026-10-10
Charger CNT-0232PR0003 has no City,2026-10-10
Charger CNT-0232PR0003 has no Country,2026-10-10
Charger CNT-0246PR0003 has no City,2026-10-10
Charger CNT-0246PR0003 has no Country,2026-10-10
Charger CNT-0250PR0002 has no City,2026-10-10
Charger CNT-0250PR0002 has no Country,2026-10-10
Charger CNT-0261PL0001 has no City,2026-10-10
Charger CNT-0261PL0001 has no Country,2026-10-10
Charger CNT-0261PR0002 has no City,2026-10-10
Charger CNT-0261PR0002 has no Country,2026-10-10
Charger CNT-0439PR0005 has no City,2026-10-10
Charger CNT-0439PR0005 has no Country,2026-10-10
Charger CNT-0446PL0001 has no OPC,2026-10-10
Charger CNT-0446PL0002 has no OPC,2026-10-10
Charger CNT-0446PR0003 has no OPC,2026-10-10
Charger CNT-0460PL0001 has no City,2026-10-10
Charger CNT-0460PL0001 has no Country,2026-10-10
Charger CNT-0460PR0005 has no City,2026-10-10
Charger CNT-0460PR0005 has no Country,2026-10-10
Charger CNT-0965PL0001 has no City,2026-10-10
Charger CNT-0965PL0001 has no Country,2026-10-10
Charger CNT-1715PL0001 has no OPC,2026-10-10
Charger CNT-1911PL0001 has no OPC,2026-10-10
Charger CNT-1978PL0001 has no OPC,2026-10-10
Charger CNT-1978PL0002 has no OPC,2026-10-10
Charger CNT-1978PR0003 has no OPC,2026-10-10
Charger CNT-3191PL0001 has no OPC,2026-10-10
Charger CNT-3368PL0001 has no OPC,2026-10-10
Charger CNT-3466PL0001 has no OPC,2026-10-10
Charger CNT-3594PL0001 has no OPC,2026-10-10
Charger CNT-3594PL0002 has no OPC,2026-10-10
Charger CNT-3696PL0001 has no OPC,2026-10-10
Charger CNT-4251PL0001 has no OPC,2026-10-10
Charger CNT-5152PL0001 has no OPC,2026-10-10
Charger CNT-6173PL0001 has no OPC,2026-10-10
Charger CNT-6174PL0001 has no City,2026-10-10
Charger CNT-6174PL0001 has no Country,2026-10-10
Charger CNT-6174PR0002 has no City,2026-10-10
Charger CNT-6174PR0002 has no Country,2026-10-10
Charger CNT-6175PL0001 has no OPC,2026-10-10
Charger CNT-6175PL0002 has no OPC,2026-10-10
Charger CNT-6318PR0002 has no City,2026-10-10
Charger CNT-6318PR0002 has no Country,2026-10-10
Charger CNT-7012PL0001 has no OPC,2026-10-10
Charger CNT-7678PL0001 has no OPC,2026-10-10
Charger CNT-7695PL0001 has no OPC,2026-10-10
Charger CNT-9736PL0001 has no City,2026-10-10
Charger CNT-9736PL0001 has no Country,2026-10-10
Charger CNT-E071PL0001 has no City,2026-10-10
Charger CNT-E071PL0001 has no Country,2026-10-10
Charger CNT-E071PL0002 has no City,2026-10-10
Charger CNT-E071PL0002 has no Country,2026-10-10
Charger CNT-E071PL0003 has no City,2026-10-10
Charger CNT-E071PL0003 has no Country,2026-10-10
Charger CNT-E071PL0004 has no City,2026-10-10
Charger CNT-E071PL0004 has no Country,2026-10-10
Charger CNT-E071PL0005 has no City,2026-10-10
Charger CNT-E071PL0005 has no Country,2026-10-10
Charger CNT-E071PL0006 has no City,2026-10-10
Charger CNT-E071PL0006 has no Country,2026-10-10
Charger CNT-E071PL0007 has no City,2026-10-10
Charger CNT-E071PL0007 has no Country,2026-10-10
Charger CNT-E071PL0008 has no City,2026-10-10
Charger CNT-E071PL0008 has no Country,2026-10-10
Charger CNT-E071PL0009 has no City,2026-10-10
Charger CNT-E071PL0009 has no Country,2026-10-10
Charger CNT-E071PL0010 has no City,2026-10-10
Charger CNT-E071PL0010 has no Country,2026-10-10
Charger CNT-E071PL0011 has no City,2026-10-10
Charger CNT-E071PL0011 has no Country,2026-10-10
Charger CNT-E071PL0012 has no City,2026-10-10
Charger CNT-E071PL0012 has no Country,2026-10-10
Charger CNT-E071PL0013 has no City,2026-10-10
Charger CNT-E071PL0013 has no Country,2026-10-10
Charger CNT-E071PL0014 has no City,2026-10-10
Charger CNT-E071PL0014 has no Country,2026-10-10
Charger CNT-E071PL0015 has no City,2026-10-10
Charger CNT-E071PL0015 has no Country,2026-10-10
Charger CNT-E071PL0016 has no City,2026-10-10
Charger CNT-E071PL0016 has no Country,2026-10-10
Charger CNT-E071PL0017 has no City,2026-10-10
Charger CNT-E071PL0017 has no Country,2026-10-10
Charger CNT-E071PL0018 has no City,2026-10-10
Charger CNT-E071PL0018 has no Country,2026-10-10
Charger CNT-E071PL0019 has no City,2026-10-10
Charger CNT-E071PL0019 has no Country,2026-10-10
Charger CNT-E071PL0020 has no City,2026-10-10
Charger CNT-E071PL0020 has no Country,2026-10-10
Charger CNT-E071PL0021 has no City,2026-10-10
Charger CNT-E071PL0021 has no Country,2026-10-10
Charger CNT-E071PR0022 has no City,2026-10-10
Charger CNT-E071PR0022 has no Country,2026-10-10
Charger CNT-E071PR0023 has no City,2026-10-10
Charger CNT-E071PR0023 has no Country,2026-10-10
Charger CNT-E072PL0110 has no City,2026-10-10
Charger CNT-E072PL0110 has no Country,2026-10-10
Charger CNT-E072PL0111 has no City,2026-10-10
Charger CNT-E072PL0111 has no Country,2026-10-10
Charger CNT-E072PL0112 has no City,2026-10-10
Charger CNT-E072PL0112 has no Country,2026-10-10
Charger CNT-E072PL0113 has no City,2026-10-10
Charger CNT-E072PL0113 has no Country,2026-10-10
Charger CNT-E072PL0114 has no City,2026-10-10
Charger CNT-E072PL0114 has no Country,2026-10-10
Charger CNT-E072PL0115 has no City,2026-10-10
Charger CNT-E072PL0115 has no Country,2026-10-10
Charger CNT-ON03PL0015 has no City,2026-10-10
Charger CNT-ON03PL0015 has no Country,2026-10-10
Charger CNT-ON03PL0016 has no City,2026-10-10
Charger CNT-ON03PL0016 has no Country,2026-10-10
Charger CNT-ON03PL0017 has no City,2026-10-10
Charger CNT-ON03PL0017 has no Country,2026-10-10
Charger CNT-ON03PL0018 has no City,2026-10-10
Charger CNT-ON03PL0018 has no Country,2026-10-10
Charger CNT-ON03PL0019 has no City,2026-10-10
Charger CNT-ON03PL0019 has no Country,2026-10-10
Charger CNT-ON03PL0020 has no City,2026-10-10
Charger CNT-ON03PL0020 has no Country,2026-10-10
Charger CNT-ON03PL0025 has no City,2026-10-10
Charger CNT-ON03PL0025 has no Country,2026-10-10
Charger CNT-ON03PR0027 has no City,2026-10-10
Charger CNT-ON03PR0027 has no Country,2026-10-10
