Rank,Operator,OperatorName,Qty,MarketShare,CumulativeMarketShare
1,EDP,EDP Comercial,1670,0.18923512747875354,0.18923512747875354
2,GLP,Galp Power OPC,1598,0.18107648725212463,0.37031161473087815
3,HRZ,"Powerdot, S.A",782,0.08861189801699716,0.45892351274787535
4,TRK,WOWPLUG,760,0.08611898016997167,0.545042492917847
5,ATL,"Atlante Infra Portugal, S.A",593,0.06719546742209631,0.6122379603399433
6,CNT,"Modelo Continente Hipermercados, S.A.",496,0.05620396600566572,0.6684419263456091
7,FCT,"CHARGING TOGETHER, UNIPESSOAL LDA",294,0.03331444759206799,0.701756373937677
8,MAK,Maksu,236,0.026742209631728044,0.7284985835694051
9,HLX,"Helexia II Energy Services, Lda.",229,0.02594900849858357,0.7544475920679886
10,REP,REPSOL PORTUGUESA LDA,221,0.025042492917847027,0.7794900849858357
11,IBD,"Iberdrola Clientes Portugal, Unipessoal, Lda",184,0.02084985835694051,0.8003399433427761
12,MOT,Mota-Engil Renewing,174,0.01971671388101983,0.8200566572237961
13,PRI,"Prio.E Mobility Solutions, Lda",161,0.018243626062322948,0.8383002832861189
14,GLG,Galpgeste,126,0.014277620396600566,0.8525779036827196
15,MLT,Mobiletric,108,0.012237960339943343,0.8648158640226629
16,KLS,"Kilometer Low Cost II Serviços, SA",88,0.009971671388101983,0.8747875354107648
17,DTE,"DTE, Instalacoes Especiais",85,0.009631728045325779,0.8844192634560907
18,EML,"EMEL - Empresa Municipal de Mobilidade e Estacionamento de Lisboa, E.M., S.A.",82,0.009291784702549575,0.8937110481586402
19,SEG,SEGMA - Serviços de Engenharia Gestão e Manutenção Lda,73,0.008271954674220964,0.9019830028328611
20,ECI,ECOINSIDE,57,0.0064589235127478755,0.908441926345609
21,EVC,"EVCE POWER, LDA. / MOBISMART",51,0.005779036827195467,0.9142209631728045
22,HGP,"High Green Power, Unipessoal Lda.",40,0.004532577903682719,0.9187535410764872
23,FAC,FactorENERGIA,38,0.004305949008498584,0.9230594900849858
24,HEX,"HEXAGONAL OCEAN, LDA",38,0.004305949008498584,0.9273654390934843
25,CPS,Cepsa Portuguesa Petroleos,34,0.0038526912181303117,0.9312181303116147
26,LCG,"Loulé Concelho Global, EM",33,0.0037393767705382434,0.934957507082153
27,PLG,"e-Plug, Lda",31,0.0035127478753541074,0.938470254957507
28,LOG,uCharge,26,0.0029461756373937676,0.9414164305949009
29,MOO,Siva - Sociedade de Importação de Veículos Automóveis,26,0.0029461756373937676,0.9443626062322946
30,EMA,"EMACOM - Telecomunicações da Madeira, Unipessoal, Lda",25,0.0028328611898017,0.9471954674220963
31,ENB,"Enable Mobility Solutions, S.A.",24,0.0027195467422096316,0.9499150141643059
32,EPK,Telpark,23,0.002606232294617564,0.9525212464589234
33,CME,CME,22,0.0024929178470254956,0.955014164305949
34,EVP,"EVpower, Charging Solutions Lda",22,0.0024929178470254956,0.9575070821529745
35,EVI,EVIO - Electrical Mobility,21,0.002379603399433428,0.9598866855524079
36,GEN,Generation Journey Lda,21,0.002379603399433428,0.9622662889518413
37,IOY,IONITY GmbH,20,0.0022662889518413596,0.9645325779036827
38,VEI,Veimonte Lda,20,0.0022662889518413596,0.9667988668555241
39,GRN,"GREEN CHARGE - MOBILIDADE ELÉTRICA, LDA",16,0.0018130311614730878,0.9686118980169971
40,REM,MOTA-ENGIL REMO CHARGING S.A,16,0.0018130311614730878,0.9704249291784702
41,EZC,"EZ - CHARG3, Lda",15,0.0016997167138810198,0.9721246458923513
42,ACC,"ACCIONA RECARGA PORTUGAL,UNIPESSOAL LDA",14,0.0015864022662889518,0.9737110481586402
43,CAP,"Capwatt Services, S.A.",14,0.0015864022662889518,0.9752974504249291
44,LUZ,"LUSIADAENERGIA, S.A.",14,0.0015864022662889518,0.9768838526912181
45,ALF,Alfa Energia,13,0.0014730878186968838,0.978356940509915
46,ZUN,"Grupo Easycharger, SL",13,0.0014730878186968838,0.9798300283286119
47,CIR,"Circuitos Energy Solutions, Lda.",12,0.0013597733711048158,0.9811898016997167
48,GLD,Gold Energy,9,0.0010198300283286118,0.9822096317280453
49,TSL,Tesla,9,0.0010198300283286118,0.9832294617563739
50,CSC,Cascais Próxima,8,0.0009065155807365439,0.9841359773371104
51,BEL,Bel Mobility,7,0.0007932011331444759,0.984929178470255
52,NRG,"NRG - Sistemas de Energia Renováveis, Lda.",7,0.0007932011331444759,0.9857223796033994
53,CGG,Cargga Inteligente,6,0.0006798866855524079,0.9864022662889518
54,EGR,"Green Evolut, LDA",6,0.0006798866855524079,0.9870821529745042
55,IHM,iHome Lda,6,0.0006798866855524079,0.9877620396600566
56,PAR,Parinox Energia,6,0.0006798866855524079,0.988441926345609
57,VIS,VISACASA - SERVIÇOS DE ASSISTÊNCIA E MANUTENÇÃO GLOBAL S.A.,6,0.0006798866855524079,0.9891218130311614
58,BLU,"Bluecharge, Lda",5,0.0005665722379603399,0.9896883852691218
59,FRR,"FRONTROW, LDA",5,0.0005665722379603399,0.9902549575070821
60,GSF,"GASFOMENTO - Sistemas e Instalações de Gás, S.A.",5,0.0005665722379603399,0.9908215297450425
61,IMG,"Image4all - Eficiência Energética, Comunicação e Imagem",5,0.0005665722379603399,0.9913881019830028
62,MOA,"MOBI A - Mobilidade e Ambiente, Lda",5,0.0005665722379603399,0.9919546742209632
63,MOB,MOBIE,5,0.0005665722379603399,0.9925212464589235
64,VIA,"Via Verde Transição Energética, S.A.",5,0.0005665722379603399,0.9930878186968838
65,CEV,CEVE - Cooperativa Eléctrica do Vale D’Este C.R.L.,4,0.00045325779036827196,0.9935410764872521
66,EVA,"EVAZ Energy, LDA",4,0.00045325779036827196,0.9939943342776204
67,NEU,"Neureifen - Electric Mobility, Lda",4,0.00045325779036827196,0.9944475920679886
68,SLX,SOLX,4,0.00045325779036827196,0.9949008498583569
69,AUC,Auchan Retail Portugal S.A,3,0.00033994334277620395,0.9952407932011331
70,CON,"ConectaMais, Lda",3,0.00033994334277620395,0.9955807365439093
71,SCR,Município de Santa Cruz,3,0.00033994334277620395,0.9959206798866855
72,BBG,Morenergy,2,0.00022662889518413598,0.9961473087818696
73,BRI,Brightcity S.A.,2,0.00022662889518413598,0.9963739376770538
74,EMT,"Emobtec - Tec. Mobilidade Elétrica, unipessoal Lda",2,0.00022662889518413598,0.996600566572238
75,EPO,EPOCH,2,0.00022662889518413598,0.996827195467422
76,EZU,Ezu Energia,2,0.00022662889518413598,0.9970538243626063
77,INT,"Bluint - Engenharia e Tecnologias Integradas, Unipessoal, Lda",2,0.00022662889518413598,0.9972804532577904
78,PQT,"Parques Tejo, E.M.",2,0.00022662889518413598,0.9975070821529745
79,PRP,"PROPEL - PRODUTOS DE PETRÓLEO, LDA",2,0.00022662889518413598,0.9977337110481587
80,PTE,"PETROTERMICA ENERGIA, S.A.",2,0.00022662889518413598,0.9979603399433428
81,SDB,SodiBraga - Supermercados Lda,2,0.00022662889518413598,0.9981869688385269
82,SFF,"Superfafe- supermercados,lda",2,0.00022662889518413598,0.9984135977337111
83,SGM,"Superguimarães - Supermercados,lda",2,0.00022662889518413598,0.9986402266288952
84,SLV,Silver Ridge - Asset Management,2,0.00022662889518413598,0.9988668555240793
85,WEN,WENEA SERVICES SPAIN S.L.,2,0.00022662889518413598,0.9990934844192634
86,FRI,"Distrifrio Supermercados, Lda",1,0.00011331444759206799,0.9992067988668555
87,GRC,"Grcapp, Unipessoal Lda",1,0.00011331444759206799,0.9993201133144476
88,IVP,Intervilapraia,1,0.00011331444759206799,0.9994334277620396
89,KPM,"KPM Serviços de Engenheria, Unip Lda",1,0.00011331444759206799,0.9995467422096317
90,MEO,"MEO Energia - Comercialização de Energia, SA",1,0.00011331444759206799,0.9996600566572238
91,PAC,"PACORP, LDA",1,0.00011331444759206799,0.9997733711048158
92,SAR,"Superareosa Supermercados, Lda",1,0.00011331444759206799,0.9998866855524079
93,ZND,"Grupo Easycharger, SL",1,0.00011331444759206799,1.0
94,CAB,Cable Exanergia Portugal,0,0.0,1.0
95,DOU,"Douromobe  - Comercializadora de Energia, S.A.",0,0.0,1.0
96,ENE,"Enercom, Vasconcelos e Almeida engenharia, lda",0,0.0,1.0
97,ITV,Instavolt Portugal Lda.,0,0.0,1.0
98,JHO,JH Ornelas,0,0.0,1.0
99,KLC,Atlante Infra Portugal,0,0.0,1.0
100,PFU,Plug Four the WorldLda,0,0.0,1.0
