Rank,OperatorAbb,OperatorName,Qty,MarketShare,CumulativeMarketShare
1,GRG,Grupo Galp (GLP+GLG+MLT),1828,0.21806036025289277,0.21806036025289277
2,EDP,EDP Comercial,1665,0.19861624716688536,0.41667660741977813
3,HRZ,"Powerdot, S.A",785,0.09364189430991292,0.5103185017296911
4,TRK,WOWPLUG,760,0.0906596683764762,0.6009781701061673
5,ATL,"Atlante Infra Portugal, S.A",610,0.0727663127758559,0.6737444828820232
6,MAK,Maksu,300,0.035786711201240606,0.7095311940832637
7,FCT,"CHARGING TOGETHER, UNIPESSOAL LDA",292,0.034832398902540855,0.7443635929858046
8,HLX,"Helexia II Energy Services, Lda.",228,0.02719790051294286,0.7715614934987475
9,REP,REPSOL PORTUGUESA LDA,220,0.02624358821424311,0.7978050817129906
10,IBD,"Iberdrola Clientes Portugal, Unipessoal, Lda",184,0.021949182870094237,0.8197542645830848
11,MOT,Mota-Engil Renewing,174,0.02075629249671955,0.8405105570798044
12,PRI,"Prio.E Mobility Solutions, Lda",162,0.019324824048669927,0.8598353811284742
13,KLS,"Kilometer Low Cost II Serviços, SA",88,0.010497435285697245,0.8703328164141715
14,DTE,"DTE, Instalacoes Especiais",85,0.010139568173684839,0.8804723845878564
15,EML,"EMEL - Empresa Municipal de Mobilidade e Estacionamento de Lisboa, E.M., S.A.",82,0.009781701061672433,0.8902540856495288
16,SEG,SEGMA - Serviços de Engenharia Gestão e Manutenção Lda,73,0.008708099725635214,0.898962185375164
17,ECI,ECOINSIDE,56,0.006680186090898247,0.9056423714660623
18,EVC,"EVCE POWER, LDA. / MOBISMART",51,0.006083740904210903,0.9117261123702731
19,HGP,"High Green Power, Unipessoal Lda.",40,0.004771561493498748,0.9164976738637719
20,FAC,FactorENERGIA,38,0.00453298341882381,0.9210306572825957
21,HEX,"HEXAGONAL OCEAN, LDA",38,0.00453298341882381,0.9255636407014195
22,CPS,Cepsa Portuguesa Petroleos,34,0.004055827269473935,0.9296194679708935
23,LCG,"Loulé Concelho Global, EM",33,0.003936538232136467,0.9335560062030299
24,PLG,"e-Plug, Lda",31,0.003697960157461529,0.9372539663604915
25,LOG,uCharge,26,0.003101514970774186,0.9403554813312657
26,MOO,Siva - Sociedade de Importação de Veículos Automóveis,26,0.003101514970774186,0.9434569963020398
27,EMA,"EMACOM - Telecomunicações da Madeira, Unipessoal, Lda",25,0.002982225933436717,0.9464392222354766
28,ENB,"Enable Mobility Solutions, S.A.",24,0.0028629368960992486,0.9493021591315758
29,CME,CME,22,0.002624358821424311,0.9519265179530001
30,EVP,"EVpower, Charging Solutions Lda",22,0.002624358821424311,0.9545508767744244
31,EVI,EVIO - Electrical Mobility,21,0.0025050697840868423,0.9570559465585112
32,GEN,Generation Journey Lda,21,0.0025050697840868423,0.9595610163425982
33,IOY,IONITY GmbH,20,0.002385780746749374,0.9619467970893475
34,VEI,Veimonte Lda,20,0.002385780746749374,0.9643325778360968
35,GRN,"GREEN CHARGE - MOBILIDADE ELÉTRICA, LDA",16,0.001908624597399499,0.9662412024334963
36,REM,MOTA-ENGIL REMO CHARGING S.A,16,0.001908624597399499,0.9681498270308958
37,EZC,"EZ - CHARG3, Lda",15,0.0017893355600620304,0.9699391625909579
38,CAP,"Capwatt Services, S.A.",14,0.0016700465227245617,0.9716092091136824
39,LUZ,"LUSIADAENERGIA, S.A.",14,0.0016700465227245617,0.973279255636407
40,ALF,Alfa Energia,13,0.001550757485387093,0.9748300131217941
41,ZUN,"Grupo Easycharger, SL",13,0.001550757485387093,0.9763807706071812
42,ACC,"ACCIONA RECARGA PORTUGAL,UNIPESSOAL LDA",12,0.0014314684480496243,0.9778122390552308
43,CIR,"Circuitos Energy Solutions, Lda.",12,0.0014314684480496243,0.9792437075032805
44,GLD,Gold Energy,9,0.0010736013360372182,0.9803173088393177
45,TSL,Tesla,9,0.0010736013360372182,0.9813909101753548
46,CSC,Cascais Próxima,8,0.0009543122986997495,0.9823452224740546
47,EPK,Telpark,8,0.0009543122986997495,0.9832995347727543
48,BEL,Bel Mobility,7,0.0008350232613622808,0.9841345580341166
49,NRG,"NRG - Sistemas de Energia Renováveis, Lda.",7,0.0008350232613622808,0.984969581295479
50,CGG,Cargga Inteligente,6,0.0007157342240248121,0.9856853155195038
51,EGR,"Green Evolut, LDA",6,0.0007157342240248121,0.9864010497435286
52,IHM,iHome Lda,6,0.0007157342240248121,0.9871167839675534
53,PAR,Parinox Energia,6,0.0007157342240248121,0.9878325181915781
54,VIS,VISACASA - SERVIÇOS DE ASSISTÊNCIA E MANUTENÇÃO GLOBAL S.A.,6,0.0007157342240248121,0.988548252415603
55,BLU,"Bluecharge, Lda",5,0.0005964451866873435,0.9891446976022903
56,FRR,"FRONTROW, LDA",5,0.0005964451866873435,0.9897411427889777
57,GSF,"GASFOMENTO - Sistemas e Instalações de Gás, S.A.",5,0.0005964451866873435,0.9903375879756651
58,IMG,"Image4all - Eficiência Energética, Comunicação e Imagem",5,0.0005964451866873435,0.9909340331623524
59,MOA,"MOBI A - Mobilidade e Ambiente, Lda",5,0.0005964451866873435,0.9915304783490397
60,MOB,MOBIE,5,0.0005964451866873435,0.9921269235357271
61,VIA,"Via Verde Transição Energética, S.A.",5,0.0005964451866873435,0.9927233687224144
62,CEV,CEVE - Cooperativa Eléctrica do Vale D’Este C.R.L.,4,0.00047715614934987476,0.9932005248717642
63,EVA,"EVAZ Energy, LDA",4,0.00047715614934987476,0.9936776810211142
64,NEU,"Neureifen - Electric Mobility, Lda",4,0.00047715614934987476,0.994154837170464
65,SLX,SOLX,4,0.00047715614934987476,0.9946319933198139
66,AUC,Auchan Retail Portugal S.A,3,0.00035786711201240607,0.9949898604318264
67,CON,"ConectaMais, Lda",3,0.00035786711201240607,0.9953477275438387
68,SCR,Município de Santa Cruz,3,0.00035786711201240607,0.9957055946558511
69,BBG,Morenergy,2,0.00023857807467493738,0.995944172730526
70,BRI,Brightcity S.A.,2,0.00023857807467493738,0.996182750805201
71,EMT,"Emobtec - Tec. Mobilidade Elétrica, unipessoal Lda",2,0.00023857807467493738,0.9964213288798759
72,EPO,EPOCH,2,0.00023857807467493738,0.9966599069545509
73,EZU,Ezu Energia,2,0.00023857807467493738,0.9968984850292258
74,INT,"Bluint - Engenharia e Tecnologias Integradas, Unipessoal, Lda",2,0.00023857807467493738,0.9971370631039007
75,PQT,"Parques Tejo, E.M.",2,0.00023857807467493738,0.9973756411785757
76,PRP,"PROPEL - PRODUTOS DE PETRÓLEO, LDA",2,0.00023857807467493738,0.9976142192532507
77,PTE,"PETROTERMICA ENERGIA, S.A.",2,0.00023857807467493738,0.9978527973279255
78,SDB,SodiBraga - Supermercados Lda,2,0.00023857807467493738,0.9980913754026005
79,SFF,"Superfafe- supermercados,lda",2,0.00023857807467493738,0.9983299534772755
80,SGM,"Superguimarães - Supermercados,lda",2,0.00023857807467493738,0.9985685315519504
81,SLV,Silver Ridge - Asset Management,2,0.00023857807467493738,0.9988071096266253
82,WEN,WENEA SERVICES SPAIN S.L.,2,0.00023857807467493738,0.9990456877013002
83,FRI,"Distrifrio Supermercados, Lda",1,0.00011928903733746869,0.9991649767386377
84,GRC,"Grcapp, Unipessoal Lda",1,0.00011928903733746869,0.9992842657759752
85,IVP,Intervilapraia,1,0.00011928903733746869,0.9994035548133127
86,KPM,"KPM Serviços de Engenheria, Unip Lda",1,0.00011928903733746869,0.9995228438506502
87,MEO,"MEO Energia - Comercialização de Energia, SA",1,0.00011928903733746869,0.9996421328879876
88,PAC,"PACORP, LDA",1,0.00011928903733746869,0.999761421925325
89,SAR,"Superareosa Supermercados, Lda",1,0.00011928903733746869,0.9998807109626625
90,ZND,"Grupo Easycharger, SL",1,0.00011928903733746869,1.0
91,CAB,Cable Exanergia Portugal,0,0.0,1.0
92,DOU,"Douromobe  - Comercializadora de Energia, S.A.",0,0.0,1.0
93,ENE,"Enercom, Vasconcelos e Almeida engenharia, lda",0,0.0,1.0
94,ITV,Instavolt Portugal Lda.,0,0.0,1.0
95,JHO,JH Ornelas,0,0.0,1.0
96,KLC,Atlante Infra Portugal,0,0.0,1.0
97,PFU,Plug Four the WorldLda,0,0.0,1.0
