date,numbers,stars,jackpot
2025-07-29,5 6 42 44 46,4 8,150232733
2025-07-25,6 7 23 32 36,11 12,137766680
2025-07-22,8 15 26 33 41,9 10,123233143
2025-07-18,13 19 25 42 45,2 9,111646530
2025-07-15,24 38 41 45 49,1 6,96858365
2025-07-11,8 23 24 45 49,2 10,86799585
2025-07-08,1 8 9 18 50,1 5,74533673
2025-07-04,19 29 42 45 48,5 7,64874337
2025-07-01,1 17 28 32 34,7 8,51016731
2025-06-27,19 27 36 45 49,7 10,40322654
2025-06-24,7 16 21 23 39,7 11,26938273
2025-06-20,5 8 24 37 47,3 9,0
2025-06-17,13 22 23 44 49,3 5,250000000
2025-06-13,2 28 40 43 45,3 7,250000000
2025-06-10,19 36 39 40 45,5 6,250000000
2025-06-06,20 21 29 30 35,2 12,250000000
2025-06-03,12 15 38 47 48,5 7,238816942
2025-05-30,4 7 14 33 36,1 5,218316096
2025-05-27,12 30 38 40 41,4 12,198011280
2025-05-23,10 29 43 46 49,7 12,182346242
2025-05-20,1 8 13 29 47,5 6,164911120
2025-05-16,6 9 25 37 46,6 12,151408194
2025-05-13,9 19 44 47 50,2 9,135332717
2025-05-09,15 18 25 29 47,5 9,123011264
2025-05-06,8 23 24 47 48,4 9,108197286
2025-05-02,3 5 19 21 49,1 10,97254382
2025-04-29,2 9 24 30 41,1 11,83786487
2025-04-25,13 22 32 39 41,1 12,74400108
2025-04-22,7 28 33 37 47,9 12,62465228
2025-04-18,20 27 35 39 48,3 8,52448887
2025-04-15,3 31 33 38 44,6 12,39576503
2025-04-11,14 28 34 46 49,3 8,29653056
2025-04-08,3 14 15 48 49,1 7,17000000
2025-04-04,27 39 41 45 50,5 7,30117535
2025-04-01,9 24 30 46 49,4 12,17000000
2025-03-28,10 21 30 42 45,1 9,250000000
2025-03-25,1 3 18 33 36,2 6,220427177
2025-03-21,9 17 18 21 50,5 12,200584076
2025-03-18,4 9 35 46 50,8 11,179328993
2025-03-14,8 10 33 35 49,2 9,163297044
2025-03-11,13 36 37 42 47,7 11,144588956
2025-03-07,6 10 27 32 48,3 8,130000000
2025-03-04,15 20 29 35 42,2 9,17000000
2025-02-28,7 16 31 43 46,5 9,52448674
2025-02-25,17 22 23 24 44,6 11,38919455
2025-02-21,1 3 11 20 43,2 11,29270259
2025-02-18,5 14 25 26 40,5 7,17000000
2025-02-14,4 14 31 36 38,3 10,78450739
2025-02-11,3 21 36 41 46,1 6,64222634
2025-02-07,10 23 24 29 45,8 10,53335818
2025-02-04,3 4 29 39 43,5 10,39688311
2025-01-31,22 30 41 44 49,2 7,29691765
2025-01-28,9 37 41 42 49,1 9,17000000
2025-01-24,2 11 19 30 49,3 8,99397573
2025-01-21,6 8 14 27 41,4 5,85948097
2025-01-17,8 15 24 35 42,6 8,76208290
2025-01-14,18 20 29 41 48,5 9,63894652
2025-01-10,12 27 36 37 42,6 7,52905618
2025-01-07,20 33 35 41 47,4 12,39138031
2025-01-03,3 19 29 35 37,1 9,29139979
2024-12-31,19 24 26 28 33,8 12,17000000
2024-12-27,12 22 27 33 45,4 8,41205363
2024-12-24,6 10 16 23 24,11 12,28754036
2024-12-20,10 14 21 33 50,6 9,17000000
2024-12-17,1 3 4 21 29,2 7,77557137
2024-12-13,1 15 25 42 50,4 10,67852509
2024-12-10,5 24 25 29 47,5 9,50987545
2024-12-06,14 25 39 44 47,6 10,40367384
2024-12-03,23 25 34 46 47,6 8,27018617
2024-11-29,8 17 18 29 43,5 9,17000000
2024-11-26,7 11 25 31 40,9 12,212448937
2024-11-22,10 11 12 29 31,8 11,194669133
2024-11-19,4 13 20 28 49,7 12,167885088
2024-11-15,7 8 34 39 44,2 6,153801395
2024-11-12,10 11 12 22 50,1 10,137211026
2024-11-08,2 33 35 42 48,1 3,124837601
2024-11-05,1 8 19 37 50,6 9,109544201
2024-11-01,7 33 38 44 50,2 7,98005009
2024-10-29,1 2 19 30 45,10 12,85747959
2024-10-25,4 17 20 25 45,8 9,76313062
2024-10-22,3 13 27 30 46,1 2,63353583
2024-10-18,4 15 23 30 39,1 12,53040810
2024-10-15,2 15 32 36 48,3 9,39530015
2024-10-11,16 23 32 46 49,4 5,29821152
2024-10-08,7 14 19 34 40,6 8,17000000
2024-10-04,4 8 16 17 20,1 6,162256512
2024-10-01,8 22 29 41 42,9 11,143969599
2024-09-27,7 20 21 27 38,5 12,130000000
2024-09-24,18 20 21 36 49,3 5,65337927
2024-09-20,16 25 29 34 37,3 7,54712555
2024-09-17,20 30 32 41 44,1 10,41391923
2024-09-13,10 15 17 31 42,4 12,31511704
2024-09-10,6 29 46 47 48,2 9,17000000
2024-09-06,12 14 34 41 47,3 4,149017789
2024-09-03,7 9 11 16 45,2 5,132447715
2024-08-30,3 24 27 33 42,4 6,119772690
2024-08-27,1 8 11 42 47,4 11,104936241
2024-08-23,9 15 24 47 50,8 9,94498718
2024-08-20,7 10 13 18 26,3 12,81964326
2024-08-16,15 17 29 45 49,1 10,72769716
2024-08-13,15 16 39 40 47,1 6,60887191
2024-08-09,21 23 25 33 44,4 10,50649440
2024-08-06,1 18 27 41 50,2 12,38085988
2024-08-02,5 7 12 33 46,3 12,28776998
2024-07-30,9 25 28 37 38,2 8,17000000
2024-07-26,4 19 23 35 37,4 8,28649442
2024-07-23,4 8 10 16 34,4 8,17000000
2024-07-19,15 22 35 44 48,6 7,52363998
2024-07-16,2 32 35 36 39,7 8,38567424
2024-07-12,12 18 24 25 39,8 10,29128125
2024-07-09,6 15 19 28 39,7 11,17000000
2024-07-05,11 13 29 31 47,1 11,39132032
2024-07-02,2 7 34 35 46,6 8,26534528
2024-06-28,10 16 18 22 35,1 10,17000000
2024-06-25,14 16 37 45 49,5 7,213887390
2024-06-21,3 4 7 11 17,3 12,195721466
2024-06-18,3 11 33 34 36,1 12,176125264
2024-06-14,2 13 16 24 32,1 7,161234811
2024-06-11,7 15 34 45 48,7 9,143550510
2024-06-07,15 16 26 30 37,5 8,130000000
2024-06-04,6 7 9 14 43,3 4,70207869
2024-05-31,4 7 16 33 34,7 8,61212842
2024-05-28,16 18 35 36 41,6 7,47755445
2024-05-24,9 12 18 22 50,1 3,38150341
2024-05-21,11 13 14 34 48,7 9,25835023
2024-05-17,18 31 32 41 46,1 10,17000000
2024-05-14,2 8 17 28 35,7 9,48748900
2024-05-10,13 28 29 44 48,4 12,38735491
2024-05-07,35 36 41 42 45,6 11,26436748
2024-05-03,6 9 10 30 49,3 4,17000000
2024-04-30,13 22 24 33 47,1 5,166790050
2024-04-26,2 20 39 40 47,4 8,152030614
2024-04-23,6 9 11 32 49,2 10,133997921
2024-04-19,10 20 40 44 46,1 3,121428317
2024-04-16,22 29 31 39 46,3 7,106321540
2024-04-12,2 3 12 16 45,2 11,95455077
2024-04-09,19 23 26 27 46,2 10,82919693
2024-04-05,13 18 26 35 37,8 11,73573473
2024-04-02,1 23 31 36 48,5 8,61841233
2024-03-29,16 17 35 36 49,1 10,52158877
2024-03-26,2 13 14 26 29,5 6,38982717
2024-03-22,8 11 23 32 44,9 10,29416867
2024-03-19,7 16 18 20 32,1 3,17000000
2024-03-15,1 4 31 34 40,4 5,130000000
2024-03-12,13 19 30 38 46,4 12,72905622
2024-03-08,8 11 12 16 44,4 7,63706419
2024-03-05,2 15 17 23 36,3 8,49724673
2024-03-01,4 7 19 20 34,2 4,39478163
2024-02-27,3 4 9 12 20,5 6,26481832
2024-02-23,24 27 28 30 49,1 12,17000000
2024-02-20,23 31 37 42 48,3 7,73448160
2024-02-16,8 13 14 24 26,1 2,64205788
2024-02-13,13 17 18 20 46,4 9,50200268
2024-02-09,23 24 35 37 45,9 12,39863292
2024-02-06,2 7 21 28 45,5 11,26671243
2024-02-02,13 20 23 27 42,5 9,17000000
2024-01-30,5 10 19 27 30,5 6,144549616
2024-01-26,8 19 32 41 42,9 12,130000000
2024-01-23,14 23 39 48 50,3 12,17000000
2024-01-19,27 28 44 48 50,7 12,17000000
2024-01-16,10 18 21 33 45,8 12,87952574
2024-01-12,16 17 18 45 49,9 12,78232869
2024-01-09,2 9 12 39 40,1 3,64655930
2024-01-05,4 7 18 39 50,3 8,53860693
2024-01-02,7 15 18 46 49,10 12,40104043
2023-12-29,2 3 19 36 37,6 9,30547317
2023-12-26,8 27 30 35 47,9 10,17000000
2023-12-22,6 14 34 44 49,4 12,55662868
2023-12-19,10 20 41 43 45,2 12,40468227
2023-12-15,2 13 37 38 48,5 9,30315474
2023-12-12,6 28 37 39 43,9 12,17000000
2023-12-08,17 30 42 48 50,4 8,240000000
2023-12-05,4 6 20 24 25,5 9,218859088
2023-12-01,4 10 14 38 50,9 12,200000000
2023-11-28,12 16 27 33 44,7 8,83068817
2023-11-24,15 20 29 39 48,1 7,73689177
2023-11-21,19 29 34 46 47,2 3,61945882
2023-11-17,2 24 26 46 50,2 7,51871164
2023-11-14,13 16 36 44 50,3 5,38766955
2023-11-10,10 21 30 38 42,2 12,29442596
2023-11-07,8 10 11 30 39,4 10,17000000
2023-11-03,8 21 31 39 47,5 9,31218086
2023-10-31,5 7 20 40 50,2 10,17000000
2023-10-27,29 33 35 48 49,3 8,17000000
2023-10-24,8 16 18 31 34,6 9,26274769
2023-10-20,2 20 28 40 45,1 5,17000000
2023-10-17,10 17 20 35 40,3 4,67318140
2023-10-13,21 26 28 40 41,2 4,56657304
2023-10-10,18 20 22 33 43,3 9,40033037
2023-10-06,21 29 31 34 43,2 9,30163856
2023-10-03,6 20 22 24 45,4 5,17000000
2023-09-29,9 11 13 21 32,2 7,130000000
2023-09-26,2 6 14 19 23,5 7,40110282
2023-09-22,3 23 24 34 35,5 8,30052281
2023-09-19,10 15 31 41 42,2 5,17000000
2023-09-15,12 14 21 45 48,8 11,54951738
2023-09-12,5 14 36 40 42,2 11,39749427
2023-09-08,10 20 21 26 33,3 4,29856760
2023-09-05,1 7 24 41 48,10 12,17000000
2023-09-01,4 5 35 37 43,5 6,109268140
2023-08-29,21 23 32 40 49,8 11,94132132
2023-08-25,16 17 34 35 44,5 10,83895709
2023-08-22,2 9 23 32 40,6 7,71241834
2023-08-18,23 25 30 44 47,9 12,61993456
2023-08-15,3 5 9 32 43,6 10,48439436
2023-08-11,4 6 10 13 34,3 5,39046910
2023-08-08,8 9 33 35 40,3 6,26419369
2023-08-04,15 20 31 44 48,1 3,17000000
2023-08-01,25 27 35 40 45,7 11,72144196
2023-07-28,7 32 33 34 38,6 9,62712326
2023-07-25,5 7 11 27 37,6 12,48942250
2023-07-21,7 31 33 35 36,7 10,38938247
2023-07-18,4 12 34 35 45,1 9,26319523
2023-07-14,5 8 29 35 48,5 6,17000000
2023-07-11,2 11 28 42 48,4 9,73242322
2023-07-07,2 11 12 19 38,4 8,63819633
2023-07-04,14 17 23 36 44,2 8,49799831
2023-06-30,1 6 25 29 36,7 10,39350951
2023-06-27,17 22 23 27 44,1 7,26366576
2023-06-23,1 3 11 33 46,10 11,17000000
2023-06-20,11 17 28 32 35,5 6,64343648
2023-06-16,7 26 34 41 44,9 11,53695272
2023-06-13,15 16 21 41 50,5 6,39998137
2023-06-09,18 26 36 41 50,11 12,29999077
2023-06-06,13 21 32 39 50,2 10,17000000
2023-06-02,3 12 15 25 43,10 11,130000000
2023-05-30,27 29 32 33 47,2 8,87066382
2023-05-26,15 25 37 38 41,1 7,77603769
2023-05-23,5 6 14 23 34,2 11,65331075
2023-05-19,18 27 34 41 49,3 9,54581705
2023-05-16,4 6 9 14 37,4 11,40834212
2023-05-12,9 10 13 39 44,4 6,30501494
2023-05-09,13 17 21 28 46,7 9,17000000
2023-05-05,3 8 18 34 49,3 7,159123225
2023-05-02,7 32 44 47 48,7 8,141358073
2023-04-28,11 13 16 23 34,1 10,129017022
2023-04-25,10 29 30 40 45,1 12,113203135
2023-04-21,7 8 18 33 42,2 8,101652719
2023-04-18,17 21 23 35 37,10 11,86295887
2023-04-14,4 11 37 44 49,6 7,76614030
2023-04-11,10 14 16 19 29,2 10,64268424
2023-04-07,5 26 28 36 46,6 12,53926196
2023-04-04,10 16 31 33 50,3 8,40419101
2023-03-31,16 18 28 34 47,5 10,30291562
2023-03-28,16 21 34 36 44,9 10,17000000
2023-03-24,5 12 25 36 46,6 10,66287741
2023-03-21,1 9 20 29 32,2 3,51752818
2023-03-17,5 15 26 37 49,8 11,40979052
2023-03-14,16 26 28 31 46,11 12,27135288
2023-03-10,9 16 37 38 48,2 7,17000000
2023-03-07,11 13 24 35 50,6 11,144966361
2023-03-03,3 6 8 24 50,10 11,130000000
2023-02-28,12 29 33 37 47,5 10,17000000
2023-02-24,7 23 34 42 48,1 3,102242065
2023-02-21,21 22 34 41 49,2 7,87872368
2023-02-17,8 23 27 42 45,1 9,78038271
2023-02-14,24 26 38 43 46,2 3,63133766
2023-02-10,3 13 25 36 47,3 8,51805568
2023-02-07,2 8 34 44 47,3 9,37368401
2023-02-03,2 14 17 32 45,3 10,26903914
2023-01-31,7 12 19 33 43,3 7,66081021
2023-01-27,8 9 15 19 31,10 12,54426133
2023-01-24,11 27 41 43 47,7 11,40135672
2023-01-20,3 6 13 40 42,7 11,30055348
2023-01-17,18 21 30 46 50,2 6,17000000
2023-01-13,4 13 25 33 37,5 10,68825114
2023-01-10,11 13 34 40 42,3 10,51358215
2023-01-06,16 31 35 44 45,4 12,40092766
2023-01-03,20 21 29 45 46,3 10,26981449
2022-12-30,17 34 42 47 48,1 9,17000000
2022-12-27,19 31 33 34 43,3 5,26956990
2022-12-23,16 17 23 26 35,5 11,17000000
2022-12-20,1 11 17 20 27,4 5,51605931
2022-12-16,2 15 19 35 44,2 7,40613995
2022-12-13,3 9 12 26 30,10 11,27040539
2022-12-09,8 27 31 46 50,1 3,17000000
2022-12-06,12 20 25 26 27,8 12,142897164
2022-12-02,12 21 35 39 45,6 11,130000000
2022-11-29,15 20 24 35 38,8 12,87748883
2022-11-25,19 21 35 37 39,2 6,77861913
2022-11-22,21 22 24 29 42,3 11,65446418
2022-11-18,13 16 19 35 41,1 11,54718416
2022-11-15,13 21 24 31 33,1 12,40593926
2022-11-11,2 19 24 25 44,2 10,30268879
2022-11-08,3 5 32 33 50,1 8,17000000
2022-11-04,2 11 37 45 47,2 3,160788895
2022-11-01,19 37 42 47 48,1 6,142364827
2022-10-28,14 16 21 28 35,1 11,130427867
2022-10-25,7 24 34 39 46,1 6,115163196
2022-10-21,25 26 28 38 40,1 6,103645225
2022-10-18,3 5 13 42 48,1 6,89872400
2022-10-14,24 28 29 34 48,3 7,79886870
2022-10-11,8 23 32 35 40,1 8,67271821
2022-10-07,26 27 42 45 50,1 12,55925603
2022-10-04,3 18 28 42 43,3 12,41404202
2022-09-30,1 2 11 16 26,3 12,30779317
2022-09-27,4 20 21 34 44,1 3,17000000
2022-09-23,14 15 22 35 48,3 8,193007524
2022-09-20,11 21 23 32 48,3 12,174393431
2022-09-16,10 27 36 45 49,3 4,160585356
2022-09-13,9 12 15 40 47,1 11,143363071
2022-09-09,17 23 24 26 27,4 9,130000000
2022-09-06,7 10 22 29 44,4 5,17000000
2022-09-02,7 12 13 20 45,3 12,128491607
2022-08-30,4 6 10 15 19,1 4,112909220
2022-08-26,22 23 25 38 44,11 12,101607332
2022-08-23,19 26 31 39 48,2 3,87739478
2022-08-19,2 9 13 19 38,2 6,77782771
2022-08-16,10 14 25 32 39,7 8,65542062
2022-08-12,14 17 34 35 42,6 10,54932236
2022-08-09,18 19 21 27 47,5 11,40859540
2022-08-05,3 29 33 35 44,8 10,30356111
2022-08-02,7 18 28 40 48,8 11,17000000
2022-07-29,3 23 38 43 48,3 8,41717625
2022-07-26,3 5 17 25 27,1 9,27478522
2022-07-22,16 18 29 32 50,4 11,17000000
2022-07-19,6 23 27 40 41,2 12,230000000
2022-07-15,9 17 29 38 39,7 10,230000000
2022-07-12,14 18 24 25 50,6 11,230000000
2022-07-08,28 31 35 43 46,4 7,230000000
2022-07-05,7 10 25 45 48,3 6,215357108
2022-07-01,6 18 24 34 46,3 12,196414962
2022-06-28,10 35 42 47 48,2 11,175942220
2022-06-24,10 17 28 44 50,8 12,161066308
2022-06-21,6 23 36 39 47,8 10,143671414
2022-06-17,19 21 22 31 38,7 11,130000000
2022-06-14,2 7 27 34 40,3 11,17000000
2022-06-10,17 26 36 37 40,9 12,64382899
2022-06-07,6 16 17 25 31,2 6,50425091
2022-06-03,12 28 29 34 48,9 11,40193759
2022-05-31,3 10 13 42 49,3 9,26862123
2022-05-27,15 23 28 34 48,3 5,17000000
2022-05-24,10 13 27 36 37,2 10,50656220
2022-05-20,8 22 23 32 50,3 9,40361205
2022-05-17,5 28 30 48 49,5 11,26854990
2022-05-13,3 11 17 45 48,4 8,17000000
2022-05-10,3 25 27 28 29,4 9,215840341
2022-05-06,3 8 18 24 40,3 11,195426739
2022-05-03,8 20 26 47 48,3 8,174025283
2022-04-29,10 11 20 36 37,3 7,158670926
2022-04-26,4 25 28 34 45,8 11,138997634
2022-04-22,6 11 21 35 36,1 9,125443189
2022-04-19,2 12 17 28 46,6 10,109726011
2022-04-15,6 24 30 32 48,5 6,99284232
2022-04-12,21 30 31 35 47,2 10,86707525
2022-04-08,1 15 16 38 45,4 11,77113731
2022-04-05,1 11 13 24 49,5 6,64950730
2022-04-01,2 7 21 31 45,4 10,54338154
2022-03-29,8 11 33 42 43,6 11,40310864
2022-03-25,6 10 24 27 29,5 12,30608285
2022-03-22,7 17 21 29 40,8 11,17000000
2022-03-18,1 9 14 17 43,6 12,53651194
2022-03-15,1 2 12 19 26,2 8,40030704
2022-03-11,12 19 22 23 48,2 6,30105266
2022-03-08,12 18 21 25 31,2 9,17000000
2022-03-04,6 20 40 42 43,10 12,78587957
2022-03-01,8 24 26 39 42,3 5,65887876
2022-02-25,10 13 24 30 42,1 5,55111352
2022-02-22,5 9 14 26 32,3 7,40960814
2022-02-18,25 38 41 43 50,6 10,30386297
2022-02-15,9 20 31 33 44,2 12,17000000
2022-02-11,13 18 38 42 45,7 11,30928078
2022-02-08,6 20 34 37 43,7 10,17000000
2022-02-04,3 25 38 43 49,3 7,130000000
2022-02-01,1 19 36 38 49,6 9,62918725
2022-01-28,10 25 29 34 45,9 10,51355483
2022-01-25,6 16 18 39 47,2 4,36602485
2022-01-21,5 14 35 36 39,7 12,26158375
2022-01-18,3 12 19 24 30,2 5,67441797
2022-01-14,6 17 25 31 46,9 12,55802638
2022-01-11,4 23 32 33 44,9 12,41198749
2022-01-07,2 14 37 44 50,7 11,30434021
2022-01-04,18 28 35 36 41,6 11,17000000
2021-12-31,7 22 25 43 49,6 7,17571602
2021-12-28,4 6 15 17 29,9 12,79411191
2021-12-24,2 26 28 34 41,5 10,69443074
2021-12-21,12 17 21 34 38,2 3,52678478
2021-12-17,1 2 15 30 35,2 7,41402488
2021-12-14,19 21 37 47 48,3 6,27297367
2021-12-10,11 21 33 38 42,2 8,17000000
2021-12-07,22 31 38 46 47,7 11,143469842
2021-12-03,21 22 29 32 46,9 10,130000000
2021-11-30,19 20 26 33 43,1 4,17000000
2021-11-26,1 20 41 42 50,3 7,162289050
2021-11-23,17 21 36 42 46,7 10,145091098
2021-11-19,22 26 38 47 50,2 6,132310193
2021-11-16,9 19 21 32 36,3 4,116414664
2021-11-12,2 9 15 47 50,6 9,104804310
2021-11-09,17 25 26 33 36,1 8,90574742
2021-11-05,2 12 25 30 41,8 11,80098420
2021-11-02,2 3 17 29 43,1 4,67114273
2021-10-29,10 15 28 32 49,3 9,56130474
2021-10-26,12 15 20 42 44,1 2,41218951
2021-10-22,12 17 22 33 39,2 12,30765413
2021-10-19,4 20 36 40 41,1 6,17000000
2021-10-15,21 26 31 34 49,2 5,220000000
2021-10-12,6 13 22 45 49,10 11,220000000
2021-10-08,1 10 23 42 46,3 5,204959523
2021-10-05,11 13 14 36 45,7 9,180775500
2021-10-01,1 15 19 26 48,6 12,164139268
2021-09-28,6 7 12 33 39,1 7,144513199
2021-09-24,2 12 20 27 41,10 12,130000000
2021-09-21,20 25 26 30 38,2 8,50323000
2021-09-17,5 7 8 10 34,1 9,39791600
2021-09-14,12 18 35 38 45,2 8,26452496
2021-09-10,1 6 7 18 28,2 8,17000000
2021-09-07,7 19 35 42 43,7 9,26572332
2021-09-03,5 7 13 29 35,3 7,17000000
2021-08-31,5 13 17 32 43,2 10,63644286
2021-08-27,2 3 31 46 50,8 12,53070091
2021-08-24,19 21 36 44 50,3 10,39413483
2021-08-20,3 9 19 20 23,9 11,29593864
2021-08-17,12 31 41 42 47,4 6,17000000
2021-08-13,6 12 44 47 49,8 12,113156128
2021-08-10,9 37 47 48 49,2 7,95302087
2021-08-06,7 14 21 26 32,4 12,84880433
2021-08-03,17 21 23 45 46,7 11,72123753
2021-07-30,10 23 33 35 37,5 10,62793085
2021-07-27,5 9 19 21 25,10 12,48844837
2021-07-23,23 24 26 34 50,2 4,38825770
2021-07-20,3 12 19 41 48,6 9,26211196
2021-07-16,5 16 42 47 49,3 11,17000000
2021-07-13,5 6 8 11 22,3 4,26482986
2021-07-09,6 19 36 37 49,4 11,17000000
2021-07-06,2 5 21 27 42,9 11,17000000
2021-07-02,9 14 29 38 49,7 10,77959528
2021-06-29,6 12 20 24 48,5 6,64340127
2021-06-25,1 29 30 33 36,3 12,53683594
2021-06-22,6 24 26 27 41,3 8,39918304
2021-06-18,11 20 27 30 41,3 5,29998047
2021-06-15,11 21 26 30 31,2 3,17000000
2021-06-11,9 17 21 33 39,7 11,30382655
2021-06-08,2 11 26 36 47,7 9,17000000
2021-06-04,7 20 36 40 46,2 4,130000000
2021-06-01,3 10 26 35 44,6 7,88760288
2021-05-28,11 13 16 34 40,1 12,78620802
2021-05-25,1 21 26 30 38,2 8,65838496
2021-05-21,2 9 13 15 35,3 10,54934280
2021-05-18,5 13 38 39 40,4 12,40625089
2021-05-14,6 16 18 29 38,6 11,30241215
2021-05-11,14 25 34 43 46,5 6,17000000
2021-05-07,14 22 33 38 47,8 9,69463976
2021-05-04,3 10 13 28 46,4 11,54222329
2021-04-30,1 16 24 28 46,2 11,43409687
2021-04-27,13 14 24 35 49,1 10,27232271
2021-04-23,3 14 15 19 29,2 8,17000000
2021-04-20,5 17 28 41 46,10 11,68414615
2021-04-16,6 11 29 40 48,5 9,56913174
2021-04-13,16 20 31 47 50,2 8,42155143
2021-04-09,2 8 32 35 44,8 11,31216341
2021-04-06,2 21 37 38 50,7 8,17000000
2021-04-02,4 21 34 40 47,2 5,144755907
2021-03-30,24 27 28 29 42,4 8,128213947
2021-03-26,10 12 37 49 50,3 8,115321837
2021-03-23,2 26 29 36 49,3 9,99009615
2021-03-19,3 9 35 43 44,1 10,87587639
2021-03-16,23 25 32 35 47,2 6,73410604
2021-03-12,4 6 9 11 44,10 11,60764885
2021-03-09,1 16 21 32 33,11 12,44153103
2021-03-05,4 5 39 46 48,7 10,32402008
2021-03-02,2 19 24 26 49,6 7,17000000
2021-02-26,6 12 22 29 33,6 11,210000000
2021-02-23,9 18 30 39 45,1 3,210000000
2021-02-19,4 12 25 46 48,7 12,206564757
2021-02-16,5 9 25 29 30,6 7,180847515
2021-02-12,7 23 30 32 36,8 12,164677184
2021-02-09,5 10 24 31 37,9 10,145042671
2021-02-05,12 19 37 44 45,2 6,130000000
2021-02-02,18 20 35 38 48,9 12,41721143
2021-01-29,1 5 27 36 42,1 6,30681161
2021-01-26,5 7 25 37 40,2 8,17000000
2021-01-22,8 16 42 44 47,6 7,80566353
2021-01-19,25 27 31 35 43,5 6,67733808
2021-01-15,4 10 27 38 40,3 11,56331898
2021-01-12,2 10 18 34 35,6 9,41607178
2021-01-08,18 23 37 41 42,4 6,30824040
2021-01-05,12 34 37 38 42,1 3,17000000
2021-01-01,16 28 32 44 48,1 9,44958140
2020-12-29,7 32 39 40 45,3 8,28138113
2020-12-25,16 21 27 30 32,3 5,17000000
2020-12-22,2 10 16 42 50,4 11,43704037
2020-12-18,2 3 13 17 21,7 8,31733127
2020-12-15,9 13 21 29 35,1 2,17000000
2020-12-11,6 9 13 24 41,3 12,200000000
2020-12-08,1 4 21 24 46,2 12,200000000
2020-12-04,14 20 27 34 38,1 11,200000000
2020-12-01,14 20 29 47 49,4 12,178983729
2020-11-27,2 5 8 14 16,8 9,163105527
2020-11-24,25 33 38 42 50,8 12,144228546
2020-11-20,28 29 39 48 50,5 7,130000000
2020-11-17,16 19 25 30 44,2 6,77412811
2020-11-13,1 5 17 28 31,1 10,67599950
2020-11-10,3 19 29 32 38,5 12,50553655
2020-11-06,7 12 37 40 50,1 2,39829739
2020-11-03,5 7 18 20 30,6 7,26511570
2020-10-30,12 16 20 21 28,3 9,17000000
2020-10-27,13 15 28 32 44,3 12,87757466
2020-10-23,10 15 19 21 23,3 12,77965255
2020-10-20,5 6 15 37 42,3 4,65338543
2020-10-16,15 33 38 40 50,3 6,54453448
2020-10-13,5 14 38 41 46,1 10,40315607
2020-10-09,11 15 35 41 50,5 8,30301316
2020-10-06,4 21 36 41 47,9 11,17000000
2020-10-02,6 12 15 40 45,3 9,30627859
2020-09-29,4 14 16 41 44,11 12,17000000
2020-09-25,19 23 34 37 45,1 7,130000000
2020-09-22,16 25 28 39 40,1 6,77251357
2020-09-18,2 10 19 25 45,1 7,67276035
2020-09-15,16 20 25 30 38,6 8,51364535
2020-09-11,34 38 42 43 45,9 12,40532810
2020-09-08,2 9 31 35 41,9 12,27031840
2020-09-04,6 22 29 40 43,4 7,17000000
2020-09-01,4 8 10 33 46,8 11,157170843
2020-08-28,7 12 16 17 31,7 9,142306851
2020-08-25,7 18 30 37 39,8 10,125020060
2020-08-21,10 15 35 44 50,3 5,111858946
2020-08-18,6 12 17 34 42,5 12,96747721
2020-08-14,9 10 19 42 49,4 12,86162555
2020-08-11,8 13 14 42 50,3 9,73494414
2020-08-07,5 20 21 36 41,6 11,64058391
2020-08-04,1 2 5 15 42,5 8,49112673
2020-07-31,21 24 30 46 49,2 5,38953665
2020-07-28,9 13 15 17 34,2 7,26261754
2020-07-24,8 9 27 28 50,4 12,17000000
2020-07-21,14 15 24 29 42,2 4,49564587
2020-07-17,7 15 27 41 43,7 9,39348808
2020-07-14,11 22 30 37 47,9 10,26440749
2020-07-10,15 17 23 30 38,2 7,17000000
2020-07-07,12 16 23 33 41,8 10,144542315
2020-07-03,4 16 27 37 39,3 6,130000000
2020-06-30,1 6 11 28 42,2 10,62297693
2020-06-26,1 10 12 21 26,5 11,51471751
2020-06-23,2 12 19 46 49,1 8,38429546
2020-06-19,5 14 19 24 43,3 11,29065639
2020-06-16,4 9 11 17 39,2 10,17000000
2020-06-12,2 24 39 45 46,4 8,51583717
2020-06-09,5 15 27 36 46,2 8,38666415
2020-06-05,5 11 17 24 37,3 6,29131137
2020-06-02,10 12 22 26 49,7 11,17000000
2020-05-29,4 8 11 19 46,4 8,17000000
2020-05-26,4 9 14 21 27,4 6,37143480
2020-05-22,3 18 22 27 32,2 7,28245446
2020-05-19,5 25 32 37 43,6 7,17000000
2020-05-15,11 23 32 34 39,1 6,72969058
2020-05-12,9 16 29 37 39,4 11,63861474
2020-05-08,8 25 32 33 38,7 9,57015368
2020-05-05,2 10 22 27 41,2 3,48838406
2020-05-01,19 20 38 45 47,2 6,41201741
2020-04-28,15 23 26 28 32,1 5,32299012
2020-04-24,1 5 19 21 28,4 7,25497940
2020-04-21,10 11 14 23 28,6 8,17000000
2020-04-17,16 28 32 37 45,1 11,67188313
2020-04-14,6 29 34 35 40,4 11,59184725
2020-04-10,3 10 17 33 39,1 4,53434751
2020-04-07,4 5 14 33 48,7 12,45796215
2020-04-03,16 19 34 46 50,2 6,39141320
2020-03-31,12 17 24 30 36,1 9,30777246
2020-03-27,11 14 27 41 46,2 3,24704307
2020-03-24,7 12 26 30 33,10 11,17000000
2020-03-20,3 9 20 34 40,6 12,17000000
2020-03-17,5 7 8 16 20,2 12,63600033
2020-03-13,3 11 21 27 36,9 10,55850379
2020-03-10,11 23 30 37 43,5 12,40555593
2020-03-06,15 38 43 45 46,1 11,30399605
2020-03-03,4 14 27 44 45,1 10,17000000
2020-02-28,8 11 20 22 23,3 4,67084644
2020-02-25,1 4 18 27 42,4 6,51940006
2020-02-21,7 23 30 32 45,5 9,41085850
2020-02-18,11 32 34 38 47,2 10,27039366
2020-02-14,5 20 35 41 49,6 10,17000000
2020-02-11,24 26 32 43 46,6 10,17000000
2020-02-07,9 15 17 25 40,3 9,130000000
2020-02-04,21 23 33 35 47,6 7,40857417
2020-01-31,13 18 20 23 30,2 4,28934315
2020-01-28,1 19 27 31 38,4 5,17000000
2020-01-24,3 4 6 9 24,5 8,28601720
2020-01-21,10 11 24 36 46,3 5,17000000
2020-01-17,8 19 20 29 44,3 8,100779289
2020-01-14,21 25 29 39 44,8 9,91228644
2020-01-10,6 17 32 44 46,2 6,84145912
2020-01-07,5 8 12 37 43,6 11,75337663
2020-01-03,5 15 20 36 47,8 12,64992459
2019-12-31,26 31 33 41 48,2 4,52720345
2019-12-27,1 7 22 26 35,5 10,38682870
2019-12-24,3 11 13 14 47,3 6,27481033
2019-12-20,8 24 30 32 34,3 4,17000000
2019-12-17,1 7 12 25 49,6 9,48949099
2019-12-13,9 16 18 23 32,2 10,39409788
2019-12-10,2 10 19 21 47,2 8,25800035
2019-12-06,1 3 27 39 46,1 10,17000000
2019-12-03,18 31 32 38 48,4 12,48061132
2019-11-29,3 7 12 42 50,6 8,38399547
2019-11-26,2 3 15 19 34,5 8,25884845
2019-11-22,3 21 32 34 48,3 11,17000000
2019-11-19,8 10 15 30 42,4 6,122766852
2019-11-15,3 13 20 32 34,4 11,114675404
2019-11-12,1 21 23 25 39,2 4,104800336
2019-11-08,8 17 20 23 45,2 8,97372165
2019-11-05,9 14 25 33 48,2 12,87082433
2019-11-01,2 20 39 44 48,5 7,80266472
2019-10-29,16 18 28 42 49,5 10,72065538
2019-10-25,34 37 39 40 50,4 10,61669532
2019-10-22,2 5 32 33 47,7 8,48515733
2019-10-18,8 18 22 41 42,11 12,38860931
2019-10-15,3 28 31 32 34,4 5,26357631
2019-10-11,2 14 19 42 45,5 6,17000000
2019-10-08,7 10 15 44 49,3 12,190000000
2019-10-04,6 9 35 41 44,6 9,190000000
2019-10-01,2 11 18 40 46,1 4,190000000
2019-09-27,24 37 41 43 46,2 8,190000000
2019-09-24,2 33 42 47 48,1 2,190000000
2019-09-20,8 21 25 38 50,4 8,189603734
2019-09-17,22 37 43 44 45,1 12,175143429
2019-09-13,1 12 27 42 47,6 7,164055006
2019-09-10,3 22 25 30 49,3 6,149857027
2019-09-06,10 13 22 40 48,2 5,139970283
2019-09-03,7 11 38 39 44,7 10,128170100
2019-08-30,25 27 45 46 49,4 6,119176433
2019-08-27,8 26 35 43 47,1 9,108433046
2019-08-23,4 17 35 42 45,2 8,100840609
2019-08-20,20 22 23 24 37,1 4,91270047
2019-08-16,9 10 27 37 42,1 5,84510207
2019-08-13,13 29 31 33 40,2 3,76458286
2019-08-09,2 14 35 41 42,10 11,70120308
2019-08-06,12 13 29 36 38,4 12,57394563
2019-08-02,13 22 33 44 50,2 5,48088964
2019-07-30,15 20 23 27 40,3 6,36345090
2019-07-26,2 5 27 37 42,3 10,27844950
2019-07-23,1 14 19 23 38,3 7,17000000
2019-07-19,13 14 17 26 28,2 7,107683454
2019-07-16,3 5 13 18 39,7 8,97518039
2019-07-12,2 31 39 45 47,4 8,90471737
2019-07-09,7 29 32 36 41,6 7,81747157
2019-07-05,2 9 20 34 42,6 9,75229368
2019-07-02,11 19 29 44 45,8 12,67120223
2019-06-28,1 3 16 33 49,2 11,57532742
2019-06-25,6 26 27 34 46,1 9,45289917
2019-06-21,5 8 9 25 39,3 7,36686125
2019-06-18,12 24 37 40 44,3 7,25307673
2019-06-14,1 13 30 31 39,2 7,17000000
2019-06-11,25 27 39 42 46,11 12,138716863
2019-06-07,1 4 16 20 34,2 5,130000000
2019-06-04,9 31 32 39 41,2 8,25380126
2019-05-31,1 23 24 26 35,1 11,17000000
2019-05-28,7 19 20 28 29,1 5,65353668
2019-05-24,5 16 23 30 49,6 7,56397248
2019-05-21,32 33 34 39 47,8 12,44599323
2019-05-17,16 28 42 43 45,6 7,36088260
2019-05-14,10 14 17 25 50,2 10,24956872
2019-05-10,1 4 27 45 48,1 7,17000000
2019-05-07,7 20 26 32 47,2 11,25024461
2019-05-03,2 9 20 27 43,5 6,17000000
2019-04-30,5 12 20 26 48,2 11,25326022
2019-04-26,14 33 35 47 50,9 11,17000000
2019-04-23,18 23 27 42 44,2 7,44153561
2019-04-19,7 8 32 41 49,5 11,36104655
2019-04-16,1 8 15 44 49,2 11,25270377
2019-04-12,1 28 35 36 46,6 9,17000000
2019-04-09,18 21 29 38 41,1 11,79149373
2019-04-05,1 7 10 29 45,3 5,72846386
2019-04-02,2 9 16 26 36,6 7,59503555
2019-03-29,13 23 26 32 47,6 10,49918767
2019-03-26,12 19 23 43 47,2 6,37479115
2019-03-22,4 17 26 30 43,6 11,28719145
2019-03-19,1 6 9 34 47,7 12,17000000
2019-03-15,3 15 24 42 46,9 12,83410540
2019-03-12,5 7 13 19 31,2 9,74349024
2019-03-08,17 18 19 24 40,4 8,63920702
2019-03-05,6 10 16 39 46,8 11,50394785
2019-03-01,6 9 19 26 31,11 12,40737694
2019-02-26,3 15 29 35 47,3 4,25879457
2019-02-22,3 27 29 33 50,3 7,17000000
2019-02-19,1 8 18 19 39,7 9,175475380
2019-02-15,15 27 34 38 49,2 10,164624365
2019-02-12,6 34 36 41 50,1 5,151629098
2019-02-08,11 12 13 39 46,7 10,141607621
2019-02-05,14 25 31 37 43,2 3,129262876
2019-02-01,3 21 26 41 46,1 6,120000000
2019-01-29,14 24 26 32 39,3 8,85646002
2019-01-25,1 6 13 15 16,6 10,78799794
2019-01-22,9 23 29 41 49,8 10,70256484
2019-01-18,5 6 16 30 46,5 10,60264632
2019-01-15,22 25 29 33 35,3 6,47436060
2019-01-11,1 19 31 39 48,1 6,38040648
2019-01-08,3 19 22 31 32,2 11,25825451
2019-01-04,7 11 19 27 37,6 10,17000000
2019-01-01,1 8 11 25 28,4 6,129645665
2018-12-28,13 16 34 35 45,10 12,120363454
2018-12-25,4 5 8 31 43,2 9,109785346
2018-12-21,2 12 15 34 50,3 4,102382992
2018-12-18,1 9 18 39 48,5 7,92347677
2018-12-14,12 29 38 42 44,2 12,85503050
2018-12-11,4 7 13 23 42,1 3,77047465
2018-12-07,11 17 26 37 48,1 10,70885902
2018-12-04,19 20 21 42 45,8 9,58045709
2018-11-30,3 10 12 23 26,1 12,48850310
2018-11-27,4 16 17 18 32,2 11,36531328
2018-11-23,5 8 25 26 30,3 10,28078913
2018-11-20,6 19 39 45 48,7 12,17000000
2018-11-16,9 10 13 28 41,1 12,50340148
2018-11-13,2 7 10 13 42,3 6,38112925
2018-11-09,14 17 32 37 49,11 12,29387682
2018-11-06,14 24 36 40 43,2 9,17000000
2018-11-02,5 15 17 37 44,7 11,87021202
2018-10-30,17 23 27 43 44,1 12,78587093
2018-10-26,5 18 21 31 35,6 9,72210652
2018-10-23,1 2 5 21 32,2 12,58925021
2018-10-19,1 3 29 47 48,3 12,49434483
2018-10-16,15 28 37 40 42,1 6,37140191
2018-10-12,4 9 12 31 43,5 8,28511487
2018-10-09,3 12 36 44 45,8 11,17000000
2018-10-05,8 16 24 26 35,3 11,17000000
2018-10-02,7 17 29 37 45,3 11,162403002
2018-09-28,2 4 8 27 50,2 9,151876472
2018-09-25,6 15 20 30 38,4 7,139272150
2018-09-21,5 7 21 25 37,3 4,130000000
2018-09-18,3 8 10 32 45,4 12,45748295
2018-09-14,1 3 33 40 45,3 4,36785881
2018-09-11,9 18 32 38 46,2 3,25114954
2018-09-07,4 23 27 31 50,1 8,17000000
2018-09-04,5 14 28 30 47,4 11,45447459
2018-08-31,4 30 31 38 42,4 6,36535987
2018-08-28,4 16 32 42 46,8 12,25031511
2018-08-24,3 14 31 36 50,1 12,17000000
2018-08-21,16 23 42 43 49,10 12,107839228
2018-08-17,2 15 18 24 43,8 12,99896146
2018-08-14,1 15 18 25 31,9 11,90786197
2018-08-10,18 20 36 43 44,3 9,83831487
2018-08-07,16 28 29 30 36,8 10,75479227
2018-08-03,7 26 36 38 43,6 12,69369394
2018-07-31,20 25 34 42 45,6 11,56774958
2018-07-27,11 17 22 23 41,6 11,47636023
2018-07-24,2 4 23 39 40,3 9,35993507
2018-07-20,2 15 40 43 46,3 6,27914266
2018-07-17,4 6 27 48 50,1 11,17000000
2018-07-13,1 4 14 21 49,2 12,17000000
2018-07-10,3 8 26 33 45,7 10,65538512
2018-07-06,8 30 33 38 48,2 10,56241097
2018-07-03,1 12 15 29 48,3 5,44211419
2018-06-29,15 21 23 40 48,3 12,35759659
2018-06-26,15 16 20 34 50,4 7,24657714
2018-06-22,14 25 39 41 44,2 8,17000000
2018-06-19,7 19 26 42 50,4 9,36158964
2018-06-15,23 26 33 38 49,1 12,28072727
2018-06-12,7 21 23 36 38,6 8,17000000
2018-06-08,8 19 32 43 46,2 8,17000000
2018-06-05,9 15 22 39 46,4 5,17000000
2018-06-01,17 18 24 29 40,4 5,74290358
2018-05-29,6 11 20 38 43,2 4,66136267
2018-05-25,13 15 16 28 41,4 5,57140617
2018-05-22,1 11 37 41 48,8 12,44872308
2018-05-18,5 8 10 13 31,3 6,36663314
2018-05-15,4 16 20 31 39,2 12,25146151
2018-05-11,3 22 34 49 50,8 11,17000000
2018-05-08,17 25 35 39 44,2 5,45566998
2018-05-04,6 12 23 39 45,9 12,36945285
2018-05-01,6 15 17 42 48,4 6,24728362
2018-04-27,12 24 40 41 46,5 12,17000000
2018-04-24,20 23 28 30 44,3 7,138724202
2018-04-20,3 16 25 39 44,7 11,130000000
2018-04-17,15 27 33 39 50,4 6,25723280
2018-04-13,5 25 34 48 50,6 7,17000000
2018-04-10,14 27 39 46 48,11 12,17000000
2018-04-06,1 29 33 45 47,4 8,76119641
2018-04-03,3 8 16 40 43,5 8,67723106
2018-03-30,12 17 28 35 47,7 11,58701125
2018-03-27,17 20 23 40 46,9 10,46327391
2018-03-23,5 7 11 46 50,8 11,37457698
2018-03-20,26 29 37 39 44,9 11,25434576
2018-03-16,4 17 24 27 31,10 11,17000000
2018-03-13,9 11 13 33 49,6 12,61521581
2018-03-09,9 14 21 32 44,1 12,51518629
2018-03-06,15 20 26 31 44,2 9,38461489
2018-03-02,2 7 34 45 48,1 12,29164811
2018-02-27,3 31 41 48 50,8 11,17000000
2018-02-23,10 17 18 28 47,3 7,177724496
2018-02-20,6 14 19 25 29,5 11,161121640
2018-02-16,10 12 23 32 50,4 10,150559073
2018-02-13,10 13 17 21 44,1 10,138421493
2018-02-09,22 31 36 38 44,1 11,129291731
2018-02-06,8 17 28 34 38,6 12,117593590
2018-02-02,14 34 36 39 48,2 3,108738581
2018-01-30,11 15 21 27 35,4 5,98248326
2018-01-26,6 15 24 28 48,4 9,91021687
2018-01-23,5 8 9 23 24,7 8,81794527
2018-01-19,3 8 17 44 50,2 7,75062596
2018-01-16,20 23 31 34 46,3 12,61162041
2018-01-12,13 21 23 30 45,4 6,51154443
2018-01-09,6 12 15 38 49,2 9,37933940
2018-01-05,2 5 20 38 41,4 8,28911186
2018-01-02,10 20 21 28 48,1 8,17000000
2017-12-29,4 8 22 23 48,1 12,38906715
2017-12-26,4 17 30 43 44,2 10,24717288
2017-12-22,5 24 30 31 43,3 6,17000000
2017-12-19,8 15 30 38 46,4 7,135346147
2017-12-15,25 30 31 42 50,2 11,126429055
2017-12-12,20 37 39 44 50,4 8,115458908
2017-12-08,4 22 30 32 34,3 4,107213099
2017-12-05,11 36 43 44 48,2 7,97420825
2017-12-01,5 24 29 35 46,11 12,90060314
2017-11-28,1 6 12 18 42,2 7,80976656
2017-11-24,19 24 28 30 50,3 10,74515266
2017-11-21,2 10 14 28 31,5 7,61046362
2017-11-17,20 26 35 36 42,5 12,51634094
2017-11-14,14 16 39 40 41,8 10,38477171
2017-11-10,13 22 29 36 37,1 9,29800638
2017-11-07,7 19 20 37 41,2 12,17000000
2017-11-03,5 12 17 33 41,4 9,28709464
2017-10-31,1 12 36 43 46,3 5,17000000
2017-10-27,3 16 23 32 39,1 4,17000000
2017-10-24,9 11 13 27 33,7 10,65407072
2017-10-20,4 17 23 27 30,3 8,55649983
2017-10-17,13 17 19 26 36,2 3,42395360
2017-10-13,23 29 37 45 50,5 11,33140111
2017-10-10,4 21 34 36 37,3 6,17000000
2017-10-06,1 9 15 19 25,1 7,190000000
2017-10-03,6 24 32 48 50,1 5,190000000
2017-09-29,7 18 19 32 48,3 7,178941892
2017-09-26,1 29 40 41 48,6 12,163620566
2017-09-22,6 11 31 39 42,1 3,152701511
2017-09-19,1 8 21 30 45,2 3,139531728
2017-09-15,13 18 37 44 49,9 12,130000000
2017-09-12,10 17 27 29 35,4 11,37430146
2017-09-08,9 24 42 47 49,1 5,28504963
2017-09-05,6 9 18 28 29,1 9,17000000
2017-09-01,3 7 8 14 49,5 8,28287321
2017-08-29,4 12 15 32 38,1 5,17000000
2017-08-25,1 5 7 15 47,9 12,17000000
2017-08-22,3 10 12 17 27,3 5,44105265
2017-08-18,2 24 39 42 45,2 8,35595611
2017-08-15,10 14 30 35 46,4 10,24238049
2017-08-11,18 28 39 46 48,5 12,17000000
2017-08-08,15 25 26 40 41,4 5,36563144
2017-08-04,29 30 36 40 41,2 9,28246597
2017-08-01,14 21 24 29 30,8 10,17000000
2017-07-28,5 9 29 31 41,2 4,57871110
2017-07-25,12 14 43 44 48,2 11,45205505
2017-07-21,1 8 9 26 49,5 9,36567350
2017-07-18,1 25 27 41 45,5 7,25104936
2017-07-14,11 14 20 21 47,7 10,17000000
2017-07-11,14 22 26 42 50,8 10,17000000
2017-07-07,11 20 35 37 45,3 6,28975630
2017-07-04,10 22 25 37 49,5 8,17000000
2017-06-30,17 35 39 47 50,6 8,100000000
2017-06-27,9 17 21 28 45,1 3,79203977
2017-06-23,3 4 21 31 38,3 7,72762689
2017-06-20,11 18 26 43 44,8 10,59644334
2017-06-16,15 17 38 41 42,9 12,50405630
2017-06-13,3 12 22 27 49,4 11,38110538
2017-06-09,9 20 27 39 43,10 11,29190553
2017-06-06,20 22 25 37 40,3 7,17000000
2017-06-02,8 10 24 33 42,3 9,153873716
2017-05-30,7 12 27 38 48,6 9,139962742
2017-05-26,5 7 26 36 39,2 10,130028601
2017-05-23,8 15 25 27 42,1 4,118337309
2017-05-19,9 11 12 19 30,4 9,109192064
2017-05-16,8 11 15 20 30,3 8,98136932
2017-05-12,2 20 28 29 44,3 9,90507121
2017-05-09,8 12 16 22 26,6 7,81075588
2017-05-05,3 7 30 35 43,1 3,74483969
2017-05-02,6 19 23 25 27,11 12,66014926
2017-04-28,14 20 25 30 39,2 8,57367996
2017-04-25,9 11 19 32 43,3 9,44628597
2017-04-21,2 13 16 22 49,4 5,36047524
2017-04-18,17 22 31 38 45,5 12,24655351
2017-04-14,4 14 20 23 33,6 10,17000000
2017-04-11,5 21 22 31 49,2 8,83397527
2017-04-07,2 10 19 35 50,6 7,76652440
2017-04-04,1 9 24 33 34,2 6,68205610
2017-03-31,17 24 26 28 45,4 12,58432786
2017-03-28,9 13 31 33 46,6 10,45620296
2017-03-24,2 17 21 27 34,5 9,36870612
2017-03-21,1 20 23 44 47,4 11,25165272
2017-03-17,6 10 19 29 36,3 9,17000000
2017-03-14,3 5 21 36 44,3 6,0
2017-03-10,31 36 38 47 49,8 11,73878559
2017-03-07,6 37 41 48 50,4 5,59887734
2017-03-03,2 11 29 30 47,1 12,50129163
2017-02-28,10 20 31 35 42,2 12,37350466
2017-02-24,2 4 13 22 43,8 9,28811185
2017-02-21,13 19 41 45 49,3 4,17000000
2017-02-17,19 25 33 36 48,2 9,17000000
2017-02-14,2 10 24 40 44,3 10,47141418
2017-02-10,7 21 26 35 43,2 9,37780528
2017-02-07,4 10 31 38 44,8 10,25508738
2017-02-03,3 4 15 46 50,5 9,17000000
2017-01-31,3 4 17 23 44,6 9,25880509
2017-01-27,17 20 28 45 48,5 9,17000000
2017-01-24,1 5 7 17 23,3 8,88587275
2017-01-20,10 17 27 31 49,3 5,81343946
2017-01-17,4 16 25 43 47,2 10,72166974
2017-01-13,3 7 16 26 50,4 7,61704973
2017-01-10,2 11 29 35 44,4 9,46366060
2017-01-06,10 14 18 21 49,9 11,37152275
2017-01-03,19 23 27 34 49,1 11,25365762
2016-12-30,8 10 22 29 47,1 3,17000000
2016-12-27,3 22 25 32 39,7 12,25251858
2016-12-23,4 16 20 39 46,2 5,17000000
2016-12-20,13 15 17 21 27,2 3,61653352
2016-12-16,6 10 30 41 45,4 11,51365465
2016-12-13,14 28 29 48 50,2 8,38164327
2016-12-09,6 12 28 37 40,1 5,29101354
2016-12-06,1 7 11 27 45,4 9,17000000
2016-12-02,6 11 23 31 32,2 12,29377167
2016-11-29,21 26 27 28 38,9 11,17000000
2016-11-25,5 11 17 23 28,10 11,61141778
2016-11-22,5 10 33 34 47,2 10,47367563
2016-11-18,3 12 27 32 47,6 8,38149039
2016-11-15,7 15 36 42 48,3 7,25643917
2016-11-11,3 22 23 38 49,2 9,17000000
2016-11-08,5 9 47 49 50,8 9,39336342
2016-11-04,7 11 12 44 48,3 7,30088611
2016-11-01,6 10 20 29 37,1 9,17000000
2016-10-28,10 16 19 23 43,2 8,17375733
2016-10-25,3 15 20 21 28,1 5,50108729
2016-10-21,9 20 23 44 48,8 10,39871819
2016-10-18,2 17 21 25 27,6 9,26452819
2016-10-14,7 13 19 31 34,1 11,17000000
2016-10-11,5 12 20 24 37,4 11,168085323
2016-10-07,2 12 20 27 30,9 11,155533572
2016-10-04,4 7 14 34 38,4 11,140796507
2016-09-30,17 35 37 43 44,2 10,130000000
2016-09-27,6 9 13 39 41,2 12,17000000
2016-09-23,14 16 39 42 49,3 9,23850387
2016-09-20,1 4 10 41 45,6 9,15000000
2016-09-16,5 8 14 22 32,2 11,39758892
2016-09-13,4 7 16 35 44,1 3,30386701
2016-09-09,4 11 15 17 28,1 3,23906431
2016-09-06,12 24 30 34 45,7 10,15000000
2016-09-02,8 16 32 40 50,2 11,39204300
2016-08-30,13 16 29 35 42,6 8,30018586
2016-08-26,1 9 28 30 48,7 8,23748325
2016-08-23,2 23 31 37 45,4 8,15000000
2016-08-19,5 6 22 25 34,5 7,54894441
2016-08-16,2 26 34 37 46,4 8,45434119
2016-08-12,2 15 28 36 50,2 11,39134895
2016-08-09,12 19 43 44 45,5 10,30094448
2016-08-05,16 19 24 35 37,2 7,23739150
2016-08-02,2 8 27 38 46,2 6,15000000
2016-07-29,1 21 26 40 50,2 4,72413419
2016-07-26,3 10 13 45 49,2 11,61762146
2016-07-22,7 24 26 37 45,5 9,54603405
2016-07-19,19 24 28 36 37,3 6,45336960
2016-07-15,2 11 13 14 21,1 8,38892370
2016-07-12,3 7 26 33 41,2 10,30023216
2016-07-08,8 12 18 33 44,4 8,23725445
2016-07-05,1 10 29 38 48,3 4,15000000
2016-07-01,2 11 13 40 50,1 10,23845060
2016-06-28,26 32 37 43 49,4 5,15000000
2016-06-24,11 19 27 28 39,3 10,39675953
2016-06-21,5 17 32 35 49,1 5,30372881
2016-06-17,1 7 18 27 43,4 8,23930261
2016-06-14,13 34 39 42 50,9 11,15000000
2016-06-10,14 21 35 42 43,7 9,85076371
2016-06-07,19 26 35 45 49,2 5,73037324
2016-06-03,7 23 31 33 39,6 10,64670538
2016-05-31,6 12 26 30 48,6 7,54237615
2016-05-27,13 25 27 43 46,4 8,47024761
2016-05-24,16 17 23 34 37,6 9,37111644
2016-05-20,9 14 30 41 45,4 9,30459054
2016-05-17,15 27 32 36 39,3 10,21222201
2016-05-13,7 15 28 31 42,10 11,15000000
2016-05-10,2 26 27 40 49,5 10,73002277
2016-05-06,32 34 40 45 48,1 10,64875522
2016-05-03,8 23 24 34 38,3 7,54692518
2016-04-29,4 5 25 28 43,6 11,47533437
2016-04-26,10 17 31 32 42,2 5,37322166
2016-04-22,17 26 32 34 43,2 10,30597279
2016-04-19,11 14 15 27 44,2 7,21367276
2016-04-15,13 14 32 37 48,1 7,15000000
2016-04-12,1 5 9 22 38,2 10,65001096
2016-04-08,6 8 26 43 49,6 10,57250088
2016-04-05,3 5 9 19 40,2 5,46881018
2016-04-01,2 16 23 25 49,6 9,39814044
2016-03-29,1 4 19 25 36,3 11,30177601
2016-03-25,12 19 36 42 43,5 8,24008506
2016-03-22,12 15 26 42 49,5 8,15000000
2016-03-18,14 19 21 24 49,5 11,59687034
2016-03-15,5 7 10 34 44,2 10,49339786
2016-03-11,1 21 26 40 43,6 9,42155765
2016-03-08,1 8 9 14 23,1 7,32079575
2016-03-04,9 14 16 23 40,1 5,25106903
2016-03-01,4 7 13 28 37,10 11,15000000
2016-02-26,5 13 15 33 50,9 11,15000000
2016-02-23,23 25 32 37 42,1 11,31340088
2016-02-19,13 14 30 32 39,3 9,24499668
2016-02-16,3 10 22 37 50,6 10,15000000
2016-02-12,3 20 28 31 49,2 5,32002496
2016-02-09,6 9 13 28 37,4 5,21863823
2016-02-05,3 27 32 41 46,4 8,15000000
2016-02-02,6 9 10 21 36,2 6,15000000
2016-01-29,1 5 23 29 32,1 7,132376632
2016-01-26,15 24 38 40 48,2 9,116044883
2016-01-22,10 12 27 30 47,8 9,104897309
2016-01-19,2 30 38 43 46,2 7,91076034
2016-01-15,10 19 38 43 46,1 11,81942691
2016-01-12,1 2 10 30 44,1 8,69720920
2016-01-08,5 26 33 35 40,3 8,61385482
2016-01-05,6 10 31 36 39,6 10,49900227
2016-01-01,4 37 38 39 44,4 7,42094520
2015-12-29,5 20 31 32 36,6 7,32342225
2015-12-25,3 10 25 27 40,3 9,24895055
2015-12-22,18 19 20 40 41,7 10,15000000
2015-12-18,6 22 26 29 48,5 6,83228800
2015-12-15,8 11 23 27 35,4 11,71034372
2015-12-11,3 5 21 40 43,6 11,62650170
2015-12-08,12 17 29 38 48,9 11,51436264
2015-12-04,8 17 18 27 39,1 7,44266153
2015-12-01,2 15 25 35 45,8 10,33518353
2015-11-27,16 29 30 37 50,6 8,26179692
2015-11-24,9 14 16 17 26,10 11,15000000
2015-11-20,4 30 34 46 49,7 8,163553041
2015-11-17,6 7 23 37 38,10 11,144587700
2015-11-13,10 17 18 33 40,2 8,130868296
2015-11-10,6 13 18 39 43,2 8,111997290
2015-11-06,3 17 26 38 40,4 10,100000000
2015-11-03,8 27 39 46 49,2 6,55033448
2015-10-30,8 13 17 21 34,6 7,47542339
2015-10-27,11 12 20 25 36,6 9,37252483
2015-10-23,7 25 30 32 39,2 8,30630412
2015-10-20,17 19 21 30 45,8 10,21280290
2015-10-16,7 28 29 43 48,3 10,15000000
2015-10-13,12 15 26 29 47,3 11,30878428
2015-10-09,1 40 42 43 47,9 11,24386729
2015-10-06,11 20 22 29 32,1 8,15000000
2015-10-02,7 18 21 32 35,2 11,15000000
2015-09-29,11 14 26 29 49,3 9,15000000
2015-09-25,13 14 23 30 37,2 8,47772431
2015-09-22,14 23 26 27 29,7 10,37424463
2015-09-18,7 29 33 34 39,7 8,30788012
2015-09-15,8 15 17 44 49,5 8,21398749
2015-09-11,10 18 19 29 50,1 9,15000000
2015-09-08,14 16 39 40 42,1 4,30904640
2015-09-04,8 9 27 45 50,8 10,24335146
2015-09-01,6 19 21 27 45,1 8,15000000
2015-08-28,11 29 30 31 34,4 7,15000000
2015-08-25,27 31 33 42 50,2 5,30507122
2015-08-21,4 16 18 43 47,6 10,23986424
2015-08-18,7 10 11 12 19,2 9,15000000
2015-08-14,4 7 39 44 45,3 5,40297743
2015-08-11,2 3 8 15 16,4 11,30648924
2015-08-07,1 5 21 39 44,4 11,24090340
2015-08-04,10 15 39 45 50,9 10,15000000
2015-07-31,16 21 34 40 50,6 9,24939216
2015-07-28,23 32 36 43 49,7 8,15000000
2015-07-24,2 9 21 35 46,2 11,40468528
2015-07-21,14 20 27 29 44,7 10,30754406
2015-07-17,1 21 22 43 48,7 9,24215184
2015-07-14,6 18 19 34 36,1 8,15000000
2015-07-10,5 8 15 35 41,4 5,40998254
2015-07-07,6 7 18 33 41,3 10,31077433
2015-07-03,11 12 15 18 44,3 9,24398282
2015-06-30,11 15 28 34 37,1 8,15000000
2015-06-26,3 6 10 19 24,5 7,25263266
2015-06-23,4 16 22 38 49,6 9,15000000
2015-06-19,7 14 20 31 42,3 9,24835107
2015-06-16,10 15 16 36 37,3 9,15000000
2015-06-12,5 8 10 11 37,7 9,129204405
2015-06-09,5 9 17 32 34,6 8,112140115
2015-06-05,2 7 8 45 48,1 9,100000000
2015-06-02,7 23 29 37 41,1 8,21811078
2015-05-29,3 4 20 45 48,6 8,15000000
2015-05-26,5 6 7 21 24,5 6,37682171
2015-05-22,18 24 35 44 45,5 11,31141926
2015-05-19,26 30 31 35 37,8 11,21489110
2015-05-15,5 35 42 44 47,8 9,15000000
2015-05-12,14 29 30 40 46,3 6,47879234
2015-05-08,7 14 19 47 49,3 10,40655810
2015-05-05,1 10 17 20 42,8 9,30744734
2015-05-01,3 19 20 25 26,6 10,23963701
2015-04-28,24 26 28 36 45,7 10,15000000
2015-04-24,5 19 29 31 40,3 10,50731331
2015-04-21,6 14 17 42 45,1 8,39055476
2015-04-17,2 24 30 34 39,8 11,31605188
2015-04-14,24 32 34 35 49,1 2,21697826
2015-04-10,22 23 25 30 43,5 9,15000000
2015-04-07,18 25 39 44 50,5 8,21449918
2015-04-03,27 29 37 39 49,2 4,15000000
2015-03-31,8 20 24 28 49,8 9,73584056
2015-03-27,2 30 32 39 44,6 10,65065693
2015-03-24,10 24 26 39 40,3 10,52905388
2015-03-20,3 14 37 42 48,1 10,45351002
2015-03-17,11 23 26 38 44,1 8,34513300
2015-03-13,4 5 18 22 23,1 3,27214552
2015-03-10,2 6 23 30 31,2 10,15000000
2015-03-06,23 30 47 49 50,2 7,100000000
2015-03-03,6 8 11 13 21,7 8,81055082
2015-02-27,5 14 17 25 47,9 10,71791059
2015-02-24,3 25 28 34 50,1 11,58852109
2015-02-20,4 10 14 37 46,4 7,51125124
2015-02-17,2 5 18 30 43,1 10,40422820
2015-02-13,12 24 39 42 44,3 11,33327954
2015-02-10,13 17 20 30 45,9 10,21653156
2015-02-06,10 26 30 39 50,7 8,15000000
2015-02-03,17 31 33 44 50,7 11,15000000
2015-01-30,9 13 15 19 24,3 8,15000000
2015-01-27,5 10 31 33 40,8 10,21715116
2015-01-23,6 29 30 38 45,1 8,15000000
2015-01-20,15 33 41 44 47,8 10,32539304
2015-01-16,29 30 32 34 46,3 6,25492644
2015-01-13,8 17 21 31 34,9 10,15000000
2015-01-09,6 21 24 32 45,1 11,31666941
2015-01-06,14 20 30 38 49,3 4,21570077
2015-01-02,22 24 25 28 49,3 6,15000000
2014-12-30,6 18 39 44 50,8 11,15000000
2014-12-26,17 26 27 45 49,2 3,25234535
2014-12-23,8 9 19 25 49,2 10,15000000
2014-12-19,23 29 31 39 44,5 8,15000000
2014-12-16,3 7 12 13 25,5 8,39580687
2014-12-12,2 15 28 31 37,4 6,32170284
2014-12-09,1 3 31 42 46,4 11,21823076
2014-12-05,5 8 37 47 48,2 3,15000000
2014-12-02,3 15 25 44 49,1 9,72971665
2014-11-28,6 10 15 23 41,4 10,64238836
2014-11-25,3 7 25 32 36,1 6,51208489
2014-11-21,4 7 28 32 37,5 10,43061336
2014-11-18,2 3 17 36 38,4 11,32415734
2014-11-14,17 32 36 38 48,5 8,25319129
2014-11-11,2 14 21 36 46,7 11,15000000
2014-11-07,13 25 32 38 46,1 10,33012470
2014-11-04,1 6 13 17 26,3 5,22206694
2014-10-31,10 13 20 33 41,3 9,15000000
2014-10-28,10 15 17 40 45,1 2,15000000
2014-10-24,3 9 20 30 42,1 6,190000000
2014-10-21,20 21 27 33 40,3 10,181778808
2014-10-17,1 13 40 48 49,8 10,164013958
2014-10-14,4 5 15 23 32,3 7,143635159
2014-10-10,6 29 42 45 47,9 10,129467188
2014-10-07,9 21 28 30 38,1 8,112118981
2014-10-03,4 13 23 48 50,5 10,100000000
2014-09-30,3 13 15 33 42,5 7,32929188
2014-09-26,13 27 35 46 47,1 2,25767850
2014-09-23,12 13 14 29 35,1 7,15000000
2014-09-19,6 8 34 38 48,3 9,86732923
2014-09-16,4 29 30 35 50,2 4,74610475
2014-09-12,9 13 26 31 33,7 11,66213888
2014-09-09,8 15 19 24 35,8 10,55073280
2014-09-05,1 18 23 46 50,3 9,47592166
2014-09-02,5 25 31 39 45,1 8,37624288
2014-08-29,2 9 26 32 38,3 6,30847109
2014-08-26,10 22 36 45 48,4 11,21332468
2014-08-22,4 17 29 35 49,1 2,15000000
2014-08-19,4 7 11 34 47,7 8,54304297
2014-08-15,4 5 21 23 30,8 10,46954024
2014-08-12,7 16 19 22 33,2 5,37783516
2014-08-08,21 29 35 43 46,1 9,30941693
2014-08-05,5 7 19 21 42,5 11,21466842
2014-08-01,24 44 46 48 50,5 10,15000000
2014-07-29,10 23 35 40 43,3 9,37632166
2014-07-25,9 10 12 24 43,5 9,30819743
2014-07-22,1 24 43 45 50,5 8,21405298
2014-07-18,1 11 29 41 43,3 11,15000000
2014-07-15,15 18 20 27 34,1 3,67902166
2014-07-11,5 22 35 38 49,4 7,60081769
2014-07-08,8 18 22 24 27,4 11,49306200
2014-07-04,4 18 39 43 47,2 6,42031147
2014-07-01,18 22 25 27 39,5 10,31752213
2014-06-27,31 33 34 39 45,2 10,24831312
2014-06-24,1 7 20 21 48,4 7,15000000
2014-06-20,5 15 25 38 49,1 2,24974879
2014-06-17,11 13 37 40 48,8 9,15000000
2014-06-13,16 18 22 28 46,9 11,137313501
2014-06-10,12 18 21 32 33,1 11,118626756
2014-06-06,7 25 34 40 49,9 11,106876333
2014-06-03,2 15 32 39 44,5 10,88945682
2014-05-30,5 24 27 41 45,6 7,78898283
2014-05-27,7 13 16 25 26,1 6,67034874
2014-05-23,3 8 31 34 47,9 11,59346874
2014-05-20,5 33 36 38 47,4 9,48745949
2014-05-16,23 26 29 37 40,3 4,41696345
2014-05-13,4 13 30 34 47,2 6,31594762
2014-05-09,3 21 26 28 45,7 10,24736691
2014-05-06,5 19 24 31 37,1 9,15000000
2014-05-02,4 30 31 38 42,2 11,89166455
2014-04-29,18 23 26 35 44,3 11,76616042
2014-04-25,13 21 24 44 49,1 9,67951355
2014-04-22,13 15 20 24 46,1 8,56813879
2014-04-18,21 24 31 39 47,3 7,49741996
2014-04-15,3 14 26 47 50,7 11,39469425
2014-04-11,8 12 19 30 33,4 11,32404758
2014-04-08,11 18 29 42 49,4 11,21651231
2014-04-04,6 10 28 45 50,10 11,15000000
2014-04-01,16 18 26 38 44,8 10,15000000
2014-03-28,3 4 19 28 43,3 7,25329483
2014-03-25,7 20 26 28 50,2 8,15000000
2014-03-21,7 30 37 39 42,5 7,25493153
2014-03-18,8 27 34 36 39,5 10,15000000
2014-03-14,6 24 25 27 30,5 9,129384564
2014-03-11,1 4 23 33 44,7 8,112224513
2014-03-07,5 10 38 40 41,1 8,100000000
2014-03-04,3 5 22 27 44,1 6,15000000
2014-02-28,12 32 38 43 44,2 7,42517715
2014-02-25,21 25 28 35 42,4 6,31885464
2014-02-21,13 17 28 30 32,5 7,24964477
2014-02-18,23 26 36 37 49,6 7,15000000
2014-02-14,2 4 6 19 39,2 7,25543227
2014-02-11,8 17 25 41 47,1 2,15000000
2014-02-07,3 17 19 46 47,9 10,25315477
2014-02-04,1 21 33 37 38,4 8,15000000
2014-01-31,8 10 15 16 31,8 9,72149579
2014-01-28,18 20 23 42 48,2 9,59913845
2014-01-24,5 19 34 35 41,1 5,51853731
2014-01-21,4 12 35 42 48,5 8,40648762
2014-01-17,19 26 32 33 42,4 10,33069927
2014-01-14,18 20 25 26 37,10 11,22323820
2014-01-10,1 2 11 27 29,1 10,15000000
2014-01-07,2 20 27 33 45,6 10,130277772
2014-01-03,3 27 31 38 44,3 8,116122939
2013-12-31,13 20 24 29 45,3 7,100878708
2013-12-27,1 6 13 22 28,5 10,86334915
2013-12-24,5 19 31 43 50,2 6,74670405
2013-12-20,12 13 17 22 43,3 10,64321006
2013-12-17,6 8 27 37 41,7 10,52406867
2013-12-13,1 22 23 24 31,6 11,44668268
2013-12-10,6 24 35 49 50,1 7,31707067
2013-12-06,1 2 18 31 36,7 10,24886473
2013-12-03,6 13 15 29 32,2 9,15000000
2013-11-29,2 7 10 23 43,4 7,15000000
2013-11-26,19 23 27 42 44,3 5,32148861
2013-11-22,13 25 26 40 50,8 9,25321675
2013-11-19,14 15 19 36 45,1 10,15000000
2013-11-15,3 13 15 29 42,1 4,100000000
2013-11-12,14 29 37 40 48,2 11,15000000
2013-11-08,20 28 35 42 43,8 10,15000000
2013-11-05,6 12 13 35 38,2 3,21594781
2013-11-01,7 19 29 30 33,3 8,15000000
2013-10-29,9 10 30 32 37,2 6,15000000
2013-10-25,2 3 10 31 38,6 10,31714028
2013-10-22,29 33 39 41 44,9 11,21557573
2013-10-18,5 25 36 46 47,2 6,15000000
2013-10-15,18 27 39 43 47,4 7,50899071
2013-10-11,6 12 17 23 43,5 9,43300447
2013-10-08,23 24 26 33 42,3 5,32466476
2013-10-04,6 20 24 35 50,5 10,25391202
2013-10-01,19 23 25 44 48,8 9,15000000
2013-09-27,11 15 38 41 43,2 6,65793284
2013-09-24,10 20 26 28 43,9 11,53875031
2013-09-20,5 11 35 38 45,2 3,46107180
2013-09-17,13 17 21 42 44,9 11,34994367
2013-09-13,4 6 14 27 33,5 10,27722709
2013-09-10,7 11 14 28 30,2 10,15000000
2013-09-06,11 23 25 32 37,4 7,25602948
2013-09-03,5 9 16 18 42,7 9,15000000
2013-08-30,2 17 25 36 45,5 9,25642224
2013-08-27,7 30 38 40 43,2 6,15000000
2013-08-23,1 6 26 30 37,5 8,93948087
2013-08-20,5 11 42 49 50,8 11,80048874
2013-08-16,20 24 27 37 39,5 10,70976896
2013-08-13,5 17 20 47 50,1 4,59358856
2013-08-09,4 7 9 23 24,8 9,51235800
2013-08-06,16 17 31 47 49,3 11,39969189
2013-08-02,21 36 37 42 48,4 7,32550628
2013-07-30,3 4 11 14 43,1 6,22036079
2013-07-26,12 23 29 38 49,3 4,15141986
2013-07-23,14 15 16 19 44,4 5,15000000
2013-07-19,13 16 24 26 35,2 5,15000000
2013-07-16,19 23 34 47 50,4 6,22078146
2013-07-12,18 26 32 33 42,2 3,15000000
2013-07-09,16 18 31 38 49,4 10,33574531
2013-07-05,4 12 15 28 33,1 10,26012633
2013-07-02,11 13 14 28 30,4 5,15000000
2013-06-28,1 15 28 35 47,1 7,15000000
2013-06-25,4 5 13 27 35,1 2,187937614
2013-06-21,10 11 30 36 45,1 2,168458397
2013-06-18,17 24 33 41 44,1 11,146642974
2013-06-14,10 25 41 47 48,6 10,131383087
2013-06-11,5 7 9 25 41,1 5,112888839
2013-06-07,7 14 26 45 50,2 7,100000000
2013-06-04,31 33 34 37 40,1 6,22292668
2013-05-31,27 28 29 34 43,5 10,15000000
2013-05-28,8 13 26 34 38,3 11,95372874
2013-05-24,7 17 22 27 40,2 3,85427113
2013-05-21,7 8 19 28 29,5 9,71706904
2013-05-17,6 20 24 25 50,9 10,63210305
2013-05-14,7 8 24 27 36,5 11,51014670
2013-05-10,1 32 35 45 48,4 11,43122368
2013-05-07,13 27 28 42 43,4 6,32317752
2013-05-03,3 5 34 40 49,2 3,25320531
2013-04-30,13 36 40 43 50,5 9,15000000
2013-04-26,11 16 24 38 40,2 5,32469030
2013-04-23,1 4 7 10 50,4 11,21743067
2013-04-19,1 8 42 46 48,4 7,15000000
2013-04-16,1 11 22 33 50,4 6,15000000
2013-04-12,5 10 15 28 45,3 9,26258943
2013-04-09,15 35 38 44 48,5 10,15000000
2013-04-05,1 11 17 32 39,2 7,26538894
2013-04-02,12 17 25 29 41,1 4,15000000
2013-03-29,13 30 43 44 46,5 9,132486744
2013-03-26,4 26 30 42 44,6 11,113430166
2013-03-22,12 27 32 34 49,8 9,100000000
2013-03-19,19 32 35 37 44,1 9,21971382
2013-03-15,4 14 21 24 39,3 10,15000000
2013-03-12,2 4 10 22 50,5 8,15000000
2013-03-08,3 20 23 28 42,8 11,51689985
2013-03-05,8 19 31 33 39,2 7,40083119
2013-03-01,1 11 29 36 42,4 5,32728379
2013-02-26,3 12 13 17 30,2 6,21860645
2013-02-22,15 16 28 36 37,2 11,15000000
2013-02-19,12 15 28 30 44,8 9,60298933
2013-02-15,2 4 22 28 42,4 9,52030590
2013-02-12,5 11 16 25 28,7 9,40241884
2013-02-08,9 11 14 34 44,10 11,32916239
2013-02-05,6 25 31 40 45,6 7,21947416
2013-02-01,5 21 34 37 38,1 6,15000000
2013-01-29,9 16 26 36 39,2 6,15000000
2013-01-25,3 10 18 31 37,2 4,44297359
2013-01-22,1 10 44 45 48,1 4,32974711
2013-01-18,4 26 27 30 39,3 10,25798102
2013-01-15,22 38 40 42 47,1 11,15000000
2013-01-11,4 22 29 37 41,4 7,34191508
2013-01-08,2 20 22 26 47,5 9,22485855
2013-01-04,4 10 22 27 41,8 10,15000000
2013-01-01,2 7 8 36 49,1 11,38032608
2012-12-28,17 24 26 27 49,3 5,26703677
2012-12-25,14 18 20 23 32,3 10,15000000
2012-12-21,3 5 22 40 42,3 10,101835641
2012-12-18,14 18 20 35 44,2 5,86060443
2012-12-14,10 11 29 40 43,3 11,76452078
2012-12-11,1 4 9 43 50,6 8,63235218
2012-12-07,10 16 18 31 42,2 5,54583279
2012-12-04,5 10 28 29 44,2 4,42363919
2012-11-30,10 18 23 24 40,3 4,34324723
2012-11-27,6 10 23 44 49,1 7,22479773
2012-11-23,1 9 11 20 40,1 5,15000000
2012-11-20,28 30 42 45 49,5 10,22756967
2012-11-16,10 15 19 23 41,2 9,15000000
2012-11-13,11 16 21 24 29,2 6,169837010
2012-11-09,14 21 22 28 47,4 5,152867729
2012-11-06,7 20 25 35 41,1 9,132672800
2012-11-02,3 6 10 11 44,3 4,119125945
2012-10-30,23 24 25 31 44,2 3,102511027
2012-10-26,5 6 9 27 38,5 11,91421975
2012-10-23,1 28 35 38 50,2 10,76874851
2012-10-19,16 29 37 40 44,8 10,67874748
2012-10-16,10 32 40 41 49,2 8,54755945
2012-10-12,6 7 17 35 43,2 8,46640893
2012-10-09,2 8 10 23 25,8 9,34447603
2012-10-05,9 16 18 19 21,2 3,26871790
2012-10-02,4 16 21 36 42,7 8,15000000
2012-09-28,20 23 26 30 33,6 9,100000000
2012-09-25,7 25 27 48 49,1 4,33985873
2012-09-21,4 19 34 41 43,7 11,26523681
2012-09-18,6 7 38 39 44,7 9,15000000
2012-09-14,3 10 23 27 44,7 9,26580854
2012-09-11,6 15 22 37 44,2 4,15000000
2012-09-07,13 15 30 35 42,4 6,47319633
2012-09-04,11 17 18 39 44,5 10,34855964
2012-08-31,16 28 31 33 48,7 11,26982209
2012-08-28,1 18 25 26 44,4 5,15000000
2012-08-24,5 6 12 19 37,3 7,47570390
2012-08-21,4 5 17 38 48,3 4,34941089
2012-08-17,19 25 28 33 44,2 8,26921509
2012-08-14,1 16 38 42 45,9 10,15000000
2012-08-10,11 17 21 48 50,9 10,190000000
2012-08-07,20 27 34 46 50,2 3,190000000
2012-08-03,24 34 35 42 46,1 5,180011715
2012-07-31,4 29 35 36 39,8 9,156962440
2012-07-27,14 15 21 23 48,2 10,141583959
2012-07-24,4 16 18 25 44,1 11,112218632
2012-07-20,10 19 23 45 49,9 10,101392999
2012-07-17,2 7 24 43 46,8 10,85954935
2012-07-13,8 18 25 35 46,4 9,76630917
2012-07-10,1 3 16 24 37,1 8,61268725
2012-07-06,31 32 38 40 42,1 3,53006942
2012-07-03,2 7 22 27 40,3 6,40811640
2012-06-29,14 17 28 29 39,1 11,33263796
2012-06-26,1 11 20 22 35,8 10,21896089
2012-06-22,14 18 19 43 49,3 7,15000000
2012-06-19,7 17 20 35 50,5 11,15000000
2012-06-15,10 22 27 38 48,3 7,26828456
2012-06-12,8 15 26 30 48,9 10,15000000
2012-06-08,5 11 22 34 40,9 11,158052844
2012-06-05,13 34 37 47 49,8 9,134974395
2012-06-01,2 4 14 26 36,9 10,120024029
2012-05-29,8 15 17 25 28,3 11,101071615
2012-05-25,12 22 35 46 49,2 8,89779597
2012-05-22,16 31 32 37 41,1 7,74848794
2012-05-18,13 29 43 47 50,9 11,65687547
2012-05-15,2 11 13 26 50,2 5,51753790
2012-05-11,1 13 17 38 44,2 11,44093378
2012-05-08,3 21 34 38 48,5 8,32541206
2012-05-04,3 26 39 40 41,1 2,25968725
2012-05-01,4 5 15 19 41,9 11,15000000
2012-04-27,20 27 30 36 43,1 6,44407281
2012-04-24,8 9 24 43 48,3 5,32867376
2012-04-20,3 6 29 32 41,10 11,26031384
2012-04-17,10 28 33 48 49,1 10,15000000
2012-04-13,8 13 26 39 43,3 5,53763217
2012-04-10,22 25 27 36 37,5 9,39523670
2012-04-06,11 20 30 35 45,2 3,32751944
2012-04-03,1 8 18 25 30,9 10,21716352
2012-03-30,4 17 23 36 46,6 10,15000000
2012-03-27,24 27 29 34 36,7 8,15000000
2012-03-23,9 15 23 31 50,8 11,26096499
2012-03-20,15 16 28 30 46,3 4,15000000
2012-03-16,3 4 12 23 50,4 7,45758710
2012-03-13,1 10 25 43 47,8 9,33798147
2012-03-09,3 32 36 39 47,6 9,26508061
2012-03-06,23 24 27 37 47,2 6,15000000
2012-03-02,5 6 11 30 44,2 6,26670951
2012-02-28,1 10 17 33 48,2 3,15000000
2012-02-24,3 7 12 26 34,8 10,54897476
2012-02-21,11 14 24 25 29,7 11,41851240
2012-02-17,4 11 28 38 47,10 11,34279343
2012-02-14,14 27 36 42 46,8 11,22361166
2012-02-10,3 8 14 31 41,7 11,15000000
2012-02-07,3 15 17 28 33,2 4,54252968
2012-02-03,16 19 20 25 28,1 10,46106653
2012-01-31,9 34 38 43 45,2 4,33767650
2012-01-27,10 13 19 39 44,2 6,26630721
2012-01-24,1 2 6 20 36,8 11,15000000
2012-01-20,2 10 22 27 28,6 8,48895464
2012-01-17,12 22 30 31 44,5 6,36496416
2012-01-13,13 14 21 27 39,6 8,29204007
2012-01-10,4 9 10 30 40,2 9,15000000
2012-01-06,1 6 10 12 31,2 7,73113564
2012-01-03,3 30 42 45 49,5 10,59857417
2011-12-30,16 36 43 44 50,7 8,51792388
2011-12-27,19 21 25 26 44,3 7,38129374
2011-12-23,7 21 22 24 28,1 11,30860915
2011-12-20,1 9 12 14 48,1 7,15000000
2011-12-16,2 5 10 23 31,2 5,46576447
2011-12-13,7 12 18 33 37,1 11,34268471
2011-12-09,12 21 29 44 47,1 2,26824531
2011-12-06,19 20 21 34 38,3 9,15000000
2011-12-02,7 27 30 40 43,8 9,27094320
2011-11-29,11 25 41 45 50,2 7,15000000
2011-11-25,14 19 26 28 34,5 8,35062896
2011-11-22,16 18 24 38 40,2 4,21897137
2011-11-18,4 12 24 39 44,2 4,15000000
2011-11-15,6 17 22 45 47,3 11,15000000
2011-11-11,1 4 18 23 30,3 7,67939184
2011-11-08,1 4 15 29 40,1 5,54417324
2011-11-04,11 14 41 43 50,2 9,46270559
2011-11-01,14 20 23 45 46,1 11,33703338
2011-10-28,16 17 20 39 50,4 8,26983680
2011-10-25,12 22 27 28 39,4 10,15000000
2011-10-21,2 19 33 37 46,5 8,47998650
2011-10-18,18 23 37 46 48,2 10,35273362
2011-10-14,12 23 29 32 47,3 5,27483911
2011-10-11,1 4 12 16 48,9 10,15000000
2011-10-07,18 26 34 38 42,5 8,117705979
2011-10-04,14 16 23 38 45,8 11,100000000
2011-09-30,5 15 28 31 44,1 6,48578058
2011-09-27,18 27 28 35 40,3 5,35496317
2011-09-23,6 14 33 34 48,2 6,27447713
2011-09-20,9 19 25 36 38,7 11,15000000
2011-09-16,2 8 17 39 42,3 10,15000000
2011-09-13,9 28 30 32 49,9 10,162256622
2011-09-09,5 21 28 31 34,1 2,147365853
2011-09-06,35 42 47 48 50,8 9,127472057
2011-09-02,12 26 37 38 44,4 7,115692111
2011-08-30,2 8 10 19 46,5 9,98519379
2011-08-26,12 22 25 33 45,5 7,89057636
2011-08-23,4 6 14 42 50,2 4,74844026
2011-08-19,6 14 16 28 31,2 11,66489769
2011-08-16,1 13 17 18 45,3 8,53726355
2011-08-12,7 10 20 27 37,4 7,46432976
2011-08-09,7 23 24 34 36,8 11,34158167
2011-08-05,13 14 18 32 34,1 10,26847221
2011-08-02,5 8 14 24 33,3 8,15000000
2011-07-29,12 19 27 37 38,5 10,27315669
2011-07-26,1 5 22 25 48,3 11,15000000
2011-07-22,4 15 23 49 50,2 6,15000000
2011-07-19,3 16 25 26 35,5 9,23148546
2011-07-15,6 26 33 34 39,3 4,15000000
2011-07-12,17 19 38 42 45,9 10,185000000
2011-07-08,12 13 23 40 49,7 10,185000000
2011-07-05,11 28 29 47 49,1 5,176718802
2011-07-01,8 11 23 31 46,8 9,156881528
2011-06-28,15 16 30 44 50,2 3,134366394
2011-06-24,5 16 20 30 41,6 11,120909819
2011-06-21,17 20 35 49 50,3 4,103328213
2011-06-17,11 16 21 22 44,3 8,92688906
2011-06-14,5 12 19 41 48,8 10,77116729
2011-06-10,3 19 20 37 48,8 11,68829140
2011-06-07,6 25 36 38 40,4 10,54804889
2011-06-03,4 39 40 49 50,2 5,46382250
2011-05-31,1 9 10 22 50,5 11,33899735
2011-05-27,9 17 25 28 49,8 9,27342236
2011-05-24,16 23 24 26 29,2 9,15000000
2011-05-20,10 14 20 25 42,8 11,27642654
2011-05-17,20 21 37 45 46,2 3,15000000
2011-05-13,9 11 17 36 47,1 2,121019633
2011-05-10,3 10 15 28 45,5 7,100000000
2011-05-06,11 16 20 22 28,4 9,28772008
2011-04-29,15 25 38 40 41,1 2,15000000
2011-04-22,11 22 36 45 48,1 4,43415570
2011-04-15,4 6 21 39 41,2 6,29316255
2011-04-08,21 23 38 47 50,2 6,15000000
2011-04-01,4 17 21 22 33,4 8,15000000
2011-03-25,6 12 21 27 33,3 7,138210534
2011-03-18,1 13 20 26 50,6 7,107470965
2011-03-11,17 19 24 37 46,2 7,82769625
2011-03-04,11 25 27 28 41,5 8,61901147
2011-02-25,12 13 42 45 48,3 9,44068143
2011-02-18,2 3 15 45 49,5 9,28569173
2011-02-11,12 14 15 19 23,7 8,15000000
2011-02-04,2 11 24 35 47,5 9,28947728
2011-01-28,13 23 24 41 42,1 5,15000000
2011-01-21,3 11 13 18 21,4 5,29004252
2011-01-14,2 14 24 39 44,6 7,15000000
2011-01-07,1 22 32 48 50,6 7,15000000
2010-12-31,2 24 34 38 43,1 7,15338239
2010-12-24,19 36 38 42 46,2 8,19106756
2010-12-17,3 20 29 35 42,3 8,43677118
2010-12-10,2 3 10 33 46,7 8,28707820
2010-12-03,8 19 28 32 46,4 7,15000000
2010-11-26,9 28 36 41 49,5 7,45322973
2010-11-19,12 15 32 36 45,7 9,30223423
2010-11-12,7 19 23 29 47,1 6,16141033
2010-11-05,21 23 33 40 50,4 5,29087861
2010-10-29,16 20 22 32 42,8 9,15000000
2010-10-22,4 5 9 11 39,3 5,29421180
2010-10-15,2 31 36 38 43,3 7,15000000
2010-10-08,9 30 35 39 46,6 8,129818431
2010-10-01,1 4 6 27 48,1 6,100000000
2010-09-24,1 4 16 40 48,1 9,28674646
2010-09-17,17 27 29 38 50,1 3,15000000
2010-09-10,17 21 35 41 45,1 5,15000000
2010-09-03,13 24 26 47 49,4 8,15000000
2010-08-27,1 6 13 30 49,1 9,15000000
2010-08-20,5 27 31 40 42,1 6,15000000
2010-08-13,4 9 15 21 47,2 7,15000000
2010-08-06,13 25 28 29 42,4 5,15000000
2010-07-30,3 4 11 28 39,2 8,28092206
2010-07-23,4 13 35 37 46,3 9,15000000
2010-07-16,38 39 45 46 49,7 8,42318533
2010-07-09,9 24 37 39 49,3 9,28051827
2010-07-02,12 13 36 41 46,1 8,15000000
2010-06-25,1 8 18 28 31,8 9,27989077
2010-06-18,2 29 31 32 38,1 4,15000000
2010-06-11,2 22 24 36 44,1 2,15000000
2010-06-04,4 17 34 40 42,4 9,15000000
2010-05-28,4 9 31 32 33,3 7,15000000
2010-05-21,7 19 30 38 50,4 7,15000000
2010-05-14,1 17 31 43 47,2 3,100037101
2010-05-07,3 6 15 21 32,7 9,78821704
2010-04-30,6 22 24 25 36,3 8,60297781
2010-04-23,3 7 8 43 46,6 8,43702393
2010-04-16,9 11 17 26 40,3 9,28888274
2010-04-09,7 21 23 24 44,3 4,15000000
2010-04-02,12 18 24 26 45,4 5,15000000
2010-03-26,8 16 18 37 43,2 6,44378839
2010-03-19,10 28 30 38 39,2 7,29152590
2010-03-12,1 26 33 36 46,6 7,15000000
2010-03-05,12 18 19 43 49,3 9,46258004
2010-02-26,7 11 18 29 42,6 7,30133000
2010-02-19,12 31 37 38 43,2 3,15000000
2010-02-12,1 5 18 38 45,4 6,129618406
2010-02-05,34 35 38 39 46,3 4,100000000
2010-01-29,9 17 30 39 43,5 7,29242656
2010-01-22,4 22 27 36 44,7 9,15000000
2010-01-15,11 26 29 49 50,4 7,59407370
2010-01-08,4 5 14 44 46,8 9,42944229
2010-01-01,9 22 24 27 36,5 7,28412329
2009-12-25,4 5 14 17 34,3 5,15000000
2009-12-18,14 30 32 35 49,3 8,59459744
2009-12-11,20 41 43 44 46,2 9,43818510
2009-12-04,18 19 25 30 44,1 3,29071578
2009-11-27,5 8 13 15 33,8 9,15000000
2009-11-20,5 9 28 43 47,2 9,15000000
2009-11-13,13 15 25 26 32,3 4,16569317
2009-11-06,11 19 34 43 45,5 9,102199676
2009-10-30,9 33 35 38 40,2 6,79524886
2009-10-23,6 18 20 29 31,2 8,60674297
2009-10-16,12 23 30 31 47,3 4,44254660
2009-10-09,7 11 29 46 50,4 7,29041467
2009-10-02,22 23 24 29 44,1 5,15000000
2009-09-25,6 17 18 21 34,3 9,15000000
2009-09-18,6 16 30 38 41,2 4,100000000
2009-09-11,12 15 35 42 43,4 6,43176231
2009-09-04,6 9 20 38 39,3 9,28509295
2009-08-28,8 36 37 41 49,5 7,15000000
2009-08-21,4 7 16 31 42,3 5,75140660
2009-08-14,5 8 24 30 49,3 9,57349944
2009-08-07,10 20 22 24 31,2 7,41938302
2009-07-31,5 9 20 21 26,3 6,28001223
2009-07-24,14 15 25 35 47,5 9,15000000
2009-07-17,2 8 17 32 50,3 7,57528118
2009-07-10,6 16 20 42 46,1 6,42207029
2009-07-03,21 29 34 46 47,6 8,28040956
2009-06-26,6 11 21 30 39,2 8,15000000
2009-06-19,4 16 17 20 29,5 7,15000000
2009-06-12,6 14 16 34 50,4 6,58861216
2009-06-05,11 19 26 35 40,2 5,42859330
2009-05-29,2 5 30 37 47,3 6,28394418
2009-05-22,4 13 14 33 43,1 6,15000000
2009-05-15,8 18 19 20 42,5 9,15000000
2009-05-08,4 23 24 29 31,8 9,126231764
2009-05-01,5 19 31 38 47,3 5,98731550
2009-04-24,4 14 21 24 41,5 8,77000542
2009-04-17,4 7 21 44 47,1 5,58530802
2009-04-10,9 14 16 37 46,2 4,42292285
2009-04-03,2 20 24 32 46,1 9,28308420
2009-03-27,25 33 36 38 42,6 7,15000000
2009-03-20,12 16 23 31 35,4 6,29717504
2009-03-13,12 24 26 36 42,1 4,16009560
2009-03-06,13 17 19 25 35,5 6,100000000
2009-02-27,5 9 37 44 45,6 9,43037732
2009-02-20,9 12 13 14 48,1 2,28117227
2009-02-13,22 33 36 40 42,1 2,15000000
2009-02-06,10 20 30 36 40,3 5,15000000
2009-01-30,4 29 34 35 46,5 8,28407448
2009-01-23,32 33 36 40 49,2 8,15000000
2009-01-16,3 17 22 49 50,3 6,15000000
2009-01-09,7 15 22 28 48,1 4,57199762
2009-01-02,29 30 36 37 48,1 6,40425333
2008-12-26,1 2 26 44 50,1 7,26758047
2008-12-19,28 29 40 46 50,5 7,15000000
2008-12-12,2 19 28 42 49,2 7,15000000
2008-12-05,4 8 21 35 45,5 8,15000000
2008-11-28,8 11 16 25 41,2 4,28044446
2008-11-21,9 14 21 49 50,3 8,15000000
2008-11-14,8 10 14 21 26,3 4,15000000
2008-11-07,1 9 12 17 18,3 4,15000000
2008-10-31,3 18 25 34 41,2 5,42831306
2008-10-24,7 15 16 17 45,6 9,28282481
2008-10-17,3 10 12 42 50,1 5,15000000
2008-10-10,4 15 22 31 41,1 6,29068081
2008-10-03,4 13 19 23 38,2 3,15000000
2008-09-26,14 29 31 33 37,1 2,130000000
2008-09-19,14 16 19 20 31,6 9,15000000
2008-09-12,19 23 33 37 50,3 7,15000000
2008-09-05,7 12 16 17 39,3 8,119349706
2008-08-29,2 20 25 37 39,5 8,91223351
2008-08-22,7 27 29 39 50,5 7,70754953
2008-08-15,11 17 18 26 31,5 6,54127606
2008-08-08,4 5 15 16 45,4 7,40358795
2008-08-01,1 22 25 40 50,1 8,27010081
2008-07-25,7 11 15 24 29,2 7,15000000
2008-07-18,10 14 16 29 44,5 6,15000000
2008-07-11,9 11 13 19 37,3 4,15000000
2008-07-04,7 19 22 27 48,5 7,15000000
2008-06-27,5 20 26 44 50,5 7,58278337
2008-06-20,8 11 36 37 45,3 5,43334863
2008-06-13,13 16 37 44 50,1 9,29947068
2008-06-06,7 19 21 40 50,2 9,15000000
2008-05-30,5 7 14 20 49,2 8,15000000
2008-05-23,5 9 19 21 38,1 7,15000000
2008-05-16,6 9 15 25 38,4 9,55609411
2008-05-09,8 9 40 42 45,6 7,40624868
2008-05-02,2 26 37 45 48,4 8,27290983
2008-04-25,4 19 26 27 30,3 8,15000000
2008-04-18,3 6 7 27 50,5 9,58367681
2008-04-11,6 25 30 45 50,5 7,42346692
2008-04-04,11 13 18 37 47,1 6,28004693
2008-03-28,5 9 17 29 39,3 6,15000000
2008-03-21,2 10 18 22 36,4 6,15000000
2008-03-14,13 21 25 35 48,4 8,28239959
2008-03-07,2 7 14 17 35,1 6,15000000
2008-02-29,12 37 40 47 49,2 9,15000000
2008-02-22,4 27 32 46 50,8 9,28912566
2008-02-15,12 27 29 45 46,4 7,15000000
2008-02-08,17 28 30 38 44,1 4,130000000
2008-02-01,22 30 45 47 49,4 9,15000000
2008-01-25,2 6 9 19 45,7 8,76611580
2008-01-18,14 16 23 40 46,4 8,57437748
2008-01-11,8 24 36 49 50,4 8,40754254
2008-01-04,10 12 24 25 41,3 5,26917709
2007-12-28,20 21 22 31 45,7 9,15000000
2007-12-21,7 9 28 37 44,6 7,27716872
2007-12-14,8 25 30 36 44,3 4,15000000
2007-12-07,2 4 32 43 48,1 7,27552424
2007-11-30,12 19 20 30 38,7 9,15000000
2007-11-23,2 10 22 29 48,3 9,27375964
2007-11-16,9 18 23 33 37,1 8,15000000
2007-11-09,5 14 22 25 36,5 6,15000000
2007-11-02,3 16 18 19 40,1 2,41136124
2007-10-26,7 20 38 40 43,1 8,27610682
2007-10-19,7 18 34 35 40,7 8,15000000
2007-10-12,21 32 36 46 47,3 4,15000000
2007-10-05,11 20 27 35 44,2 5,15000000
2007-09-28,22 30 34 35 44,4 5,130000000
2007-09-21,1 17 32 35 37,1 8,27247062
2007-09-14,5 9 11 29 33,7 9,15000000
2007-09-07,2 3 33 34 42,3 5,15000000
2007-08-31,6 18 22 23 37,5 6,39496528
2007-08-24,1 3 16 42 48,2 3,26677818
2007-08-17,2 3 13 38 42,7 8,15000000
2007-08-10,23 40 42 43 49,2 6,52630236
2007-08-03,10 30 33 37 41,1 8,39185012
2007-07-27,1 4 21 29 41,7 8,26731340
2007-07-20,10 21 25 26 50,4 9,15000000
2007-07-13,9 13 15 31 48,3 6,56945074
2007-07-06,4 5 19 39 41,8 9,39898280
2007-06-29,8 12 28 33 45,1 3,26816658
2007-06-22,11 16 17 22 34,5 6,15000000
2007-06-15,5 7 14 21 40,3 8,26938896
2007-06-08,1 15 17 25 45,2 8,15000000
2007-06-01,6 22 37 41 42,6 9,15000000
2007-05-25,25 26 29 49 50,7 8,15000000
2007-05-18,26 34 37 39 49,2 6,15000000
2007-05-11,7 12 26 29 49,2 6,53347665
2007-05-04,6 17 35 41 45,1 5,39605256
2007-04-27,7 18 27 36 44,1 2,26851564
2007-04-20,23 26 32 41 45,3 7,15000000
2007-04-13,7 20 25 38 41,3 7,15000000
2007-04-06,15 23 29 41 48,3 6,26945909
2007-03-30,9 17 19 41 46,1 8,15000000
2007-03-23,5 13 17 40 43,1 3,41023864
2007-03-16,4 14 31 45 49,4 9,27699320
2007-03-09,2 3 25 43 48,6 9,15000000
2007-03-02,3 16 34 38 48,5 8,42201702
2007-02-23,2 15 18 20 22,2 5,28224029
2007-02-16,8 19 20 39 50,6 9,15000000
2007-02-09,14 16 30 36 46,2 8,100000000
2007-02-02,14 23 27 30 36,1 6,27173863
2007-01-26,11 15 23 30 38,4 9,15000000
2007-01-19,5 13 27 33 42,2 4,15000000
2007-01-12,8 11 14 19 25,3 5,15000000
2007-01-05,17 19 29 36 45,5 6,78312156
2006-12-29,6 9 13 14 35,3 4,66983487
2006-12-22,9 11 20 38 43,2 3,53119776
2006-12-15,9 23 35 37 42,3 7,39640846
2006-12-08,16 17 18 36 47,1 2,26982938
2006-12-01,4 8 16 37 41,2 5,15000000
2006-11-24,5 8 17 25 40,1 5,15000000
2006-11-17,12 22 32 33 36,2 6,183109057
2006-11-10,14 21 27 30 36,2 3,153564446
2006-11-03,11 13 24 44 49,3 9,131523149
2006-10-27,3 4 8 44 50,7 8,113230830
2006-10-20,10 19 34 45 47,3 6,96837646
2006-10-13,2 25 32 38 41,3 5,82724344
2006-10-06,5 11 22 35 38,7 8,69208821
2006-09-29,1 3 6 18 24,5 8,59132969
2006-09-22,10 29 30 45 49,3 8,47213250
2006-09-15,6 10 16 26 49,7 9,35980458
2006-09-08,1 10 12 32 33,1 8,25256582
2006-09-01,3 7 25 45 50,6 9,15000000
2006-08-25,10 28 40 47 48,6 8,57414511
2006-08-18,12 37 39 40 50,1 2,45929071
2006-08-11,27 28 31 46 47,2 5,35197614
2006-08-04,1 14 15 26 32,3 7,24977576
2006-07-28,3 8 12 29 43,6 7,15000000
2006-07-21,2 4 9 38 50,6 8,25042525
2006-07-14,1 7 17 31 36,2 8,15000000
2006-07-07,7 9 18 35 43,5 7,68408266
2006-06-30,6 15 16 40 43,1 2,58765947
2006-06-23,9 21 30 43 44,1 9,46811686
2006-06-16,1 16 26 30 36,3 9,35662151
2006-06-09,3 12 15 34 39,4 6,25187106
2006-06-02,7 8 27 41 48,1 6,15000000
2006-05-26,2 12 21 41 49,3 7,15000000
2006-05-19,3 5 25 34 49,5 8,15000000
2006-05-12,5 20 23 34 50,1 5,25640376
2006-05-05,4 8 14 16 50,3 9,15000000
2006-04-28,5 10 17 22 33,5 7,25811932
2006-04-21,1 20 22 37 46,1 9,15000000
2006-04-14,16 26 34 35 49,2 6,25915863
2006-04-07,12 13 29 44 50,4 5,15000000
2006-03-31,3 20 31 45 50,6 7,75753123
2006-03-24,17 28 33 35 47,4 9,65117842
2006-03-17,5 32 44 45 50,1 7,51865203
2006-03-10,1 21 33 45 49,4 8,39080313
2006-03-03,3 5 8 10 44,3 5,26842720
2006-02-24,1 11 18 19 47,3 7,15000000
2006-02-17,4 23 24 26 38,2 4,27813382
2006-02-10,5 6 38 48 50,6 7,15000000
2006-02-03,9 21 30 39 50,1 3,61191026
2006-01-27,9 15 21 40 49,1 4,152882223
2006-01-20,12 15 33 44 50,2 6,127461405
2006-01-13,8 12 19 33 34,1 6,107489015
2006-01-06,2 6 9 14 26,4 5,89502969
2005-12-30,8 16 19 43 45,1 4,77307934
2005-12-23,15 31 36 37 42,1 7,66205360
2005-12-16,2 3 15 18 32,6 7,56331937
2005-12-09,11 18 35 38 42,1 5,45082261
2005-12-02,1 9 20 23 30,4 7,34551861
2005-11-25,1 6 27 39 47,1 6,24557717
2005-11-18,17 18 25 34 48,2 3,15000000
2005-11-11,15 16 36 41 42,3 5,45117030
2005-11-04,26 36 37 38 42,2 6,34611593
2005-10-28,14 36 44 47 50,3 5,24563824
2005-10-21,1 14 19 29 33,1 8,15000000
2005-10-14,10 11 19 20 23,1 6,15000000
2005-10-07,2 13 21 26 44,3 9,15000000
2005-09-30,6 11 47 48 50,1 6,25066380
2005-09-23,1 26 31 34 47,4 9,15000000
2005-09-16,12 13 19 21 38,3 9,75888514
2005-09-09,8 12 19 31 50,6 7,66468466
2005-09-02,3 4 14 43 50,3 6,57539078
2005-08-26,9 29 35 40 41,1 6,46170680
2005-08-19,11 24 29 31 41,1 3,35412950
2005-08-12,15 23 30 37 40,7 9,25184643
2005-08-05,2 11 21 22 30,4 6,15000000
2005-07-29,3 19 26 49 50,4 5,115436126
2005-07-22,3 14 41 48 49,1 4,97582726
2005-07-15,1 11 12 23 42,3 6,82972942
2005-07-08,35 36 42 46 49,2 8,70600239
2005-07-01,4 5 23 25 28,3 4,60359278
2005-06-24,6 8 14 15 45,7 8,51872294
2005-06-17,4 8 10 18 21,1 7,41857660
2005-06-10,6 7 32 37 47,1 7,32391354
2005-06-03,3 8 11 17 50,1 5,23507298
2005-05-27,2 24 31 48 50,4 9,15000000
2005-05-20,6 7 13 28 47,5 8,43020745
2005-05-13,12 17 31 32 40,2 9,33145554
2005-05-06,7 12 21 26 44,6 8,23445886
2005-04-29,3 9 35 39 42,1 8,15000000
2005-04-22,3 10 13 24 47,5 9,23749558
2005-04-15,6 28 31 38 42,3 9,15000000
2005-04-08,7 11 25 31 50,1 3,64040749
2005-04-01,25 26 41 44 47,3 7,53793484
2005-03-25,4 29 33 37 38,6 9,45218910
2005-03-18,6 23 39 43 48,5 7,35429502
2005-03-11,8 12 23 40 43,1 4,26371829
2005-03-04,12 24 32 37 39,7 9,17882839
2005-02-25,3 27 30 43 44,4 8,10000000
2005-02-18,20 21 26 32 46,8 9,10000000
2005-02-11,11 13 25 32 50,4 7,34776948
2005-02-04,1 8 11 30 40,7 8,25868030
2005-01-28,7 21 26 43 45,5 7,17700365
2005-01-21,10 12 14 24 26,5 8,10000000
2005-01-14,6 11 14 19 29,1 3,26007362
2005-01-07,3 23 27 47 50,2 3,17730870
2004-12-31,7 8 24 25 47,8 9,10000000
2004-12-24,3 4 27 29 37,5 6,10000000
2004-12-17,15 19 22 46 49,2 9,26215627
2004-12-10,1 3 13 16 43,2 7,17892320
2004-12-03,1 11 15 42 49,3 4,10000000
2004-11-26,1 4 24 34 36,6 8,43756502
2004-11-19,1 18 29 34 37,2 6,33437557
2004-11-12,4 11 12 13 32,3 9,24828113
2004-11-05,6 19 25 42 49,1 7,17253134
2004-10-29,1 8 32 35 38,4 9,10000000
2004-10-22,1 9 23 25 40,3 9,25059130
2004-10-15,14 21 22 37 43,5 8,17276072
2004-10-08,1 10 12 16 48,2 6,10000000
2004-10-01,12 20 21 45 48,5 6,29785269
2004-09-24,21 26 27 44 48,1 7,26260777
2004-09-17,15 18 29 39 41,5 8,23039325
2004-09-10,5 25 33 36 38,2 5,20061218
2004-09-03,8 12 14 15 34,6 7,17305121
2004-08-27,1 11 22 28 44,1 9,14709804
2004-08-20,6 9 10 27 35,6 8,12317818
2004-08-13,20 27 41 43 50,5 8,10000000
2004-08-06,5 15 24 35 44,5 6,24746858
2004-07-30,9 10 19 37 50,1 6,22082923
2004-07-23,7 10 27 31 34,3 8,19342755
2004-07-16,24 26 31 38 50,5 8,16962299
2004-07-09,2 5 12 19 44,8 9,14571040
2004-07-02,4 23 24 28 34,1 3,12215040
2004-06-25,3 21 30 34 35,1 2,10000000
2004-06-18,2 23 28 40 43,2 6,12286876
2004-06-11,2 7 8 10 47,1 7,10000000
2004-06-04,9 13 34 41 42,3 7,12488171
2004-05-28,6 11 35 41 44,5 6,10000000
2004-05-21,15 29 37 39 49,4 9,10000000
2004-05-14,1 3 21 32 39,2 6,33816137
2004-05-07,15 16 21 36 38,1 5,29999234
2004-04-30,5 6 16 23 27,6 7,25007266
2004-04-23,6 10 21 45 49,3 5,20000000
2004-04-16,14 15 28 35 40,1 3,15011353
2004-04-09,1 4 10 19 23,2 8,25556285
2004-04-02,4 12 24 27 36,2 9,22930640
2004-03-26,3 4 10 23 43,2 4,20147534
2004-03-19,33 36 37 42 45,4 9,17411777
2004-03-12,15 24 28 44 47,4 5,15000000
2004-03-05,4 7 33 37 39,1 5,20678070
2004-02-27,14 18 19 31 37,4 5,17750473
2004-02-20,7 13 39 47 50,2 5,15000000
2004-02-13,16 29 32 36 41,7 9,15000000
